Date,Open,High,Low,Close,Volume,Change
2014-12-17,30000,31000,25500,26050,2303450,
2014-12-18,26800,28200,25500,26550,533728,0.019193857965451144
2014-12-19,27400,27600,23950,24750,486187,-0.06779661016949157
2014-12-22,24750,25000,21100,21500,576847,-0.13131313131313127
2014-12-23,21500,24700,20900,24700,551889,0.14883720930232558
2014-12-24,25300,27300,24400,25500,346944,0.03238866396761142
2014-12-26,25500,25800,23050,23200,130192,-0.09019607843137256
2014-12-29,23800,26450,23000,25150,166887,0.08405172413793105
2014-12-30,24500,25700,24050,24100,63251,-0.041749502982107334
2015-01-02,24500,25100,23350,25100,81677,0.04149377593361003
2015-01-05,25000,26050,24450,24450,73923,-0.02589641434262946
2015-01-06,24150,24150,22450,22700,111965,-0.07157464212678932
2015-01-07,22850,23200,21900,22350,66148,-0.01541850220264318
2015-01-08,22300,23250,22150,23200,68020,0.03803131991051445
2015-01-09,23250,24400,23050,23200,70645,0.0
2015-01-12,22850,23450,22250,22350,46863,-0.03663793103448276
2015-01-13,22650,23500,22200,22800,53763,0.020134228187919545
2015-01-14,23200,23700,22450,23550,54042,0.03289473684210531
2015-01-15,23200,24150,22350,23750,190357,0.00849256900212314
2015-01-16,23950,26850,23100,26100,458205,0.09894736842105267
2015-01-19,26100,27800,25500,26650,835624,0.021072796934865856
2015-01-20,26300,28300,26200,27750,773895,0.0412757973733584
2015-01-21,27700,29800,27450,29550,1104668,0.06486486486486487
2015-01-22,29400,29700,27700,28250,552214,-0.04399323181049064
2015-01-23,28350,28950,27300,28550,276660,0.010619469026548645
2015-01-26,28500,28950,27400,28150,432690,-0.014010507880910628
2015-01-27,28200,29450,28000,28600,397344,0.015985790408525657
2015-01-28,28800,29250,28000,28350,184189,-0.00874125874125875
2015-01-29,28150,28550,26700,26900,291954,-0.051146384479717866
2015-01-30,27100,27400,26400,26850,111175,-0.0018587360594795044
2015-02-02,26700,28600,26700,28550,388940,0.06331471135940414
2015-02-03,28850,29200,28000,28550,311157,0.0
2015-02-04,28900,28900,27800,28400,158059,-0.005253940455341555
2015-02-05,28500,28800,27800,27950,151012,-0.015845070422535246
2015-02-06,28050,28700,27500,28100,196770,0.005366726296958779
2015-02-09,28200,28250,27200,27200,135076,-0.03202846975088969
2015-02-10,26900,27500,25500,26100,232792,-0.0404411764705882
2015-02-11,25900,28250,25900,27450,213932,0.051724137931034475
2015-02-12,27600,27750,26650,27400,63711,-0.0018214936247723523
2015-02-13,27000,27950,26950,27500,159706,0.0036496350364962904
2015-02-16,27500,28650,27500,28500,240885,0.036363636363636376
2015-02-17,28400,29150,28300,28900,267291,0.01403508771929829
2015-02-23,29050,29450,27550,28200,177106,-0.02422145328719727
2015-02-24,28250,28750,27950,28750,117040,0.019503546099290725
2015-02-25,28750,28900,26900,27800,271685,-0.03304347826086962
2015-02-26,27750,28050,27100,27450,77859,-0.01258992805755399
2015-02-27,27450,27850,27050,27800,84999,0.012750455373406133
2015-03-02,28000,28000,26900,27050,89807,-0.026978417266187105
2015-03-03,27000,27250,26450,27100,85126,0.001848428835489857
2015-03-04,26800,27850,26800,27800,103840,0.02583025830258312
2015-03-05,27750,28350,27350,28250,81169,0.01618705035971213
2015-03-06,28200,28250,27350,27450,106934,-0.02831858407079646
2015-03-09,27300,27300,24900,25200,273670,-0.08196721311475408
2015-03-10,25500,25550,23500,25000,167051,-0.007936507936507908
2015-03-11,25100,25100,24250,24450,82528,-0.02200000000000002
2015-03-12,24800,25800,24500,25450,91052,0.04089979550102241
2015-03-13,25500,27400,25000,26800,196868,0.05304518664047153
2015-03-16,27150,27500,26700,27200,77234,0.014925373134328401
2015-03-17,26800,27000,25800,26400,181056,-0.02941176470588236
2015-03-18,26400,26950,25450,25500,91343,-0.03409090909090906
2015-03-19,25900,25900,24800,25450,83910,-0.0019607843137254832
2015-03-20,25350,26450,25150,26050,78607,0.023575638506876162
2015-03-23,26050,26150,25300,25450,62677,-0.02303262955854124
2015-03-24,25600,27350,25600,27150,222092,0.06679764243614938
2015-03-25,27150,27450,26800,27050,105032,-0.0036832412523020164
2015-03-26,26900,28550,26850,27850,277084,0.02957486136783727
2015-03-27,27850,27900,26950,27350,107507,-0.01795332136445238
2015-03-30,27750,27750,26950,27400,80690,0.001828153564899404
2015-03-31,27650,27700,26950,27300,75244,-0.0036496350364964014
2015-04-01,27150,28300,26600,28100,183742,0.0293040293040292
2015-04-02,28800,29600,28150,29000,328650,0.03202846975088969
2015-04-03,28650,30700,28600,30600,335779,0.05517241379310356
2015-04-06,30850,31400,30250,30300,208486,-0.009803921568627416
2015-04-07,30750,31100,30150,30600,229622,0.00990099009900991
2015-04-08,30800,30950,29550,30200,182971,-0.013071895424836555
2015-04-09,30200,30450,29200,29500,172646,-0.023178807947019875
2015-04-10,29500,30000,29250,29900,100245,0.013559322033898313
2015-04-13,29950,30300,28100,28200,269995,-0.05685618729096986
2015-04-14,28250,28450,27100,27100,181523,-0.03900709219858156
2015-04-15,27200,27850,27150,27750,124306,0.023985239852398532
2015-04-16,27600,27800,27150,27450,92838,-0.010810810810810811
2015-04-17,27550,28800,27500,28800,129611,0.049180327868852514
2015-04-20,28300,28650,28200,28250,80834,-0.01909722222222221
2015-04-21,29250,29850,28600,29000,163001,0.026548672566371723
2015-04-22,29500,29750,26650,27800,251921,-0.04137931034482756
2015-04-23,28000,28000,26700,27050,126634,-0.026978417266187105
2015-04-24,26950,27900,25900,26400,122128,-0.02402957486136781
2015-04-27,26200,27250,26050,27150,48109,0.02840909090909083
2015-04-28,27250,27750,27000,27550,85102,0.014732965009208066
2015-04-29,27550,28000,27000,27750,56720,0.007259528130671544
2015-04-30,27850,27850,26750,27000,61137,-0.027027027027026973
2015-05-04,27050,27050,26150,26600,44705,-0.014814814814814836
2015-05-06,26550,26550,25150,25300,89140,-0.048872180451127845
2015-05-07,24900,25400,23550,25400,137506,0.0039525691699604515
2015-05-08,25650,25750,24950,25400,62261,0.0
2015-05-11,25450,26050,25100,25900,57940,0.019685039370078705
2015-05-12,25700,26200,25500,25850,53114,-0.0019305019305019266
2015-05-13,25700,26300,25500,26000,65634,0.005802707930367523
2015-05-14,26150,26500,25400,25900,87638,-0.0038461538461538325
2015-05-15,25850,26200,24900,25400,78476,-0.019305019305019266
2015-05-18,24700,25000,23950,23950,253608,-0.057086614173228356
2015-05-19,23950,24700,23650,24300,113143,0.014613778705636848
2015-05-20,24550,24650,23050,23150,195108,-0.04732510288065839
2015-05-21,23300,24250,23000,24250,95357,0.04751619870410373
2015-05-22,24150,24300,23600,23900,69168,-0.014432989690721598
2015-05-26,23600,23850,22400,22750,156792,-0.04811715481171552
2015-05-27,22450,23050,22250,23000,100585,0.01098901098901095
2015-05-28,23000,23300,22300,23300,109486,0.01304347826086949
2015-05-29,23300,23800,23000,23250,68351,-0.0021459227467811592
2015-06-01,23100,23450,22350,23000,41206,-0.010752688172043001
2015-06-02,23100,23150,22200,22250,78775,-0.03260869565217395
2015-06-03,22700,23800,22400,23550,178463,0.05842696629213484
2015-06-04,23900,24150,23350,23650,169922,0.00424628450106157
2015-06-05,23600,24400,22950,23900,103549,0.010570824524312794
2015-06-08,23900,24150,23250,23350,66943,-0.023012552301255207
2015-06-09,23300,25150,23050,24800,229416,0.062098501070663836
2015-06-10,25000,25400,24450,24600,92421,-0.008064516129032251
2015-06-11,24600,24800,23950,24200,80721,-0.016260162601625994
2015-06-12,24350,25300,24000,24450,98220,0.010330578512396604
2015-06-15,24200,25150,23850,24850,99956,0.01635991820040905
2015-06-16,25000,25150,23750,24600,97074,-0.010060362173038184
2015-06-17,24600,24800,23850,24650,90454,0.00203252032520318
2015-06-18,24350,24650,23850,24300,87909,-0.014198782961460488
2015-06-19,24400,24400,23850,24250,72845,-0.002057613168724326
2015-06-22,23800,24200,23150,23250,81862,-0.04123711340206182
2015-06-23,23350,23800,22700,23100,114068,-0.006451612903225823
2015-06-24,23600,23800,22950,23250,140067,0.006493506493506551
2015-06-25,23050,24300,22800,24300,168119,0.04516129032258065
2015-06-26,24200,24200,23100,23500,188434,-0.03292181069958844
2015-06-29,22750,23300,21400,21500,268297,-0.08510638297872342
2015-06-30,21100,21700,20800,21500,145543,0.0
2015-07-01,21600,22150,21550,22000,131241,0.023255813953488413
2015-07-02,22250,22250,21300,21400,95566,-0.027272727272727226
2015-07-03,21650,24050,21650,24000,391245,0.12149532710280364
2015-07-06,24100,24750,23450,23750,203252,-0.01041666666666663
2015-07-07,24100,24250,22650,23350,139369,-0.01684210526315788
2015-07-08,23250,23600,22500,22800,73397,-0.023554603854389677
2015-07-09,22300,22600,21750,21750,133305,-0.046052631578947345
2015-07-10,21800,22550,21800,22400,72474,0.029885057471264354
2015-07-13,22400,23750,22400,23500,91819,0.049107142857142794
2015-07-14,23850,26100,23600,25700,715704,0.09361702127659566
2015-07-15,25500,26300,25050,25300,282184,-0.015564202334630295
2015-07-16,25400,26700,25200,26700,246648,0.05533596837944654
2015-07-17,26850,27550,26200,26750,211169,0.001872659176029856
2015-07-20,27750,28050,27200,27750,205176,0.03738317757009346
2015-07-21,27750,27750,26350,27000,130639,-0.027027027027026973
2015-07-22,26750,27050,26150,27000,136081,0.0
2015-07-23,27300,28450,26400,28350,139170,0.050000000000000044
2015-07-24,28050,28350,26450,26450,155991,-0.06701940035273368
2015-07-27,26000,26500,24800,24800,140839,-0.06238185255198492
2015-07-28,24200,24900,23450,24850,124370,0.002016129032258007
2015-07-29,24850,25300,24200,24750,154295,-0.004024144869215318
2015-07-30,24850,25100,23650,23900,90056,-0.03434343434343434
2015-07-31,23750,25200,23250,24700,90492,0.03347280334728042
2015-08-03,25000,25000,23700,24250,68096,-0.018218623481781382
2015-08-04,24200,25000,23650,25000,43284,0.030927835051546282
2015-08-05,25000,25000,24450,24800,43128,-0.008000000000000007
2015-08-06,24800,25100,24450,24800,67559,0.0
2015-08-07,24500,25600,24000,25000,107639,0.008064516129032251
2015-08-10,25300,25450,24550,25300,87169,0.01200000000000001
2015-08-11,25600,26300,25000,25150,139690,-0.005928853754940677
2015-08-12,25000,25100,22400,23450,189791,-0.06759443339960236
2015-08-13,23700,24750,23100,24300,93808,0.036247334754797356
2015-08-17,24300,24800,23300,23300,82691,-0.04115226337448563
2015-08-18,23250,23300,22050,22300,129378,-0.0429184549356223
2015-08-19,22000,22550,19700,21000,249899,-0.058295964125560484
2015-08-20,20100,21200,20100,20300,115003,-0.033333333333333326
2015-08-21,19000,19400,18300,19100,179129,-0.059113300492610876
2015-08-24,19100,19700,17650,17800,140779,-0.0680628272251309
2015-08-25,17400,18200,16500,17700,302362,-0.005617977528089901
2015-08-26,18400,20400,18100,19150,274697,0.08192090395480234
2015-08-27,19650,20650,19650,20350,97220,0.06266318537859017
2015-08-28,20450,21250,20450,20900,64800,0.027027027027026973
2015-08-31,21900,23500,21400,22200,218017,0.062200956937799035
2015-09-01,22250,22700,21500,22500,95129,0.013513513513513598
2015-09-02,21800,22600,20500,22600,55410,0.004444444444444473
2015-09-03,22800,23000,22000,22000,38478,-0.026548672566371723
2015-09-04,22100,22300,20750,21600,61744,-0.018181818181818188
2015-09-07,21550,21550,20300,20300,43071,-0.06018518518518523
2015-09-08,20550,20700,20000,20200,22368,-0.0049261083743842304
2015-09-09,20800,21200,20400,20850,31507,0.03217821782178221
2015-09-10,20700,21250,20300,20700,38687,-0.007194244604316502
2015-09-11,20850,21400,20500,21200,25996,0.024154589371980784
2015-09-14,21850,21850,20750,20850,20374,-0.01650943396226412
2015-09-15,20850,21150,20400,20750,17950,-0.004796163069544335
2015-09-16,20900,21250,20500,20600,20800,-0.0072289156626506035
2015-09-17,20800,21200,20000,20200,40567,-0.01941747572815533
2015-09-18,20450,20850,20000,20700,35046,0.024752475247524774
2015-09-21,20400,20700,19650,19800,52025,-0.04347826086956519
2015-09-22,20100,20300,19700,20100,45360,0.015151515151515138
2015-09-23,19850,20250,19050,19050,69999,-0.052238805970149294
2015-09-24,19200,19200,18700,19050,47492,0.0
2015-09-25,19000,19550,18800,19450,26219,0.0209973753280841
2015-09-30,19150,19300,18400,19000,37519,-0.023136246786632397
2015-10-01,19250,19550,19000,19300,30037,0.015789473684210575
2015-10-02,19250,19850,19050,19800,41395,0.02590673575129543
2015-10-05,20000,20000,19500,19600,30459,-0.010101010101010055
2015-10-06,19650,19750,19100,19200,36518,-0.020408163265306145
2015-10-07,19050,19400,18950,19100,28497,-0.00520833333333337
2015-10-08,19200,19400,18850,18900,25946,-0.010471204188481686
2015-10-12,18950,19150,18750,18950,33961,0.002645502645502562
2015-10-13,18950,19100,18000,18150,88004,-0.04221635883905017
2015-10-14,18200,18300,18000,18150,31304,0.0
2015-10-15,18150,18250,17800,18200,14415,0.0027548209366390353
2015-10-16,18450,18950,18250,18700,40741,0.027472527472527375
2015-10-19,18700,18700,18350,18450,20486,-0.013368983957219305
2015-10-20,18350,19050,18350,18750,29585,0.016260162601626105
2015-10-21,18950,19250,18450,18550,28053,-0.010666666666666713
2015-10-22,18500,19400,18350,19000,32910,0.0242587601078168
2015-10-23,19200,19300,18600,18600,32421,-0.021052631578947323
2015-10-26,18800,18950,18150,18250,39376,-0.018817204301075252
2015-10-27,18300,18650,17900,18600,34348,0.019178082191780854
2015-10-28,18650,18700,18150,18150,46064,-0.024193548387096753
2015-10-29,18150,18200,17600,17700,66500,-0.024793388429752095
2015-10-30,17900,17900,17250,17250,37089,-0.025423728813559365
2015-11-02,17400,17400,16900,17000,45003,-0.01449275362318836
2015-11-03,17000,17700,17000,17600,26979,0.03529411764705892
2015-11-04,17600,17900,17200,17900,40575,0.017045454545454586
2015-11-05,17800,17950,17550,17750,28777,-0.008379888268156388
2015-11-06,17850,17850,17050,17300,47723,-0.025352112676056304
2015-11-09,17050,17250,15650,16400,121904,-0.052023121387283267
2015-11-10,16100,16100,15000,15450,97007,-0.057926829268292734
2015-11-11,15450,16050,15350,16050,46646,0.03883495145631066
2015-11-12,15850,16850,15800,16750,41485,0.04361370716510904
2015-11-13,16450,16900,16300,16900,37311,0.008955223880596996
2015-11-16,16450,16800,16250,16500,30124,-0.023668639053254448
2015-11-17,16700,16700,15900,16100,42228,-0.024242424242424288
2015-11-18,16100,16350,15350,15650,55358,-0.02795031055900621
2015-11-19,15650,15900,15500,15850,22025,0.012779552715654896
2015-11-20,15900,15900,15450,15700,32037,-0.009463722397476393
2015-11-23,15700,15900,15400,15850,36090,0.009554140127388644
2015-11-24,16200,18150,16200,17100,212878,0.07886435331230279
2015-11-25,17400,19500,17100,19400,288542,0.13450292397660824
2015-11-26,19350,19600,18750,19200,70957,-0.010309278350515427
2015-11-27,19400,19400,18750,18800,40115,-0.02083333333333337
2015-11-30,18600,19000,17550,18200,77156,-0.03191489361702127
2015-12-01,18350,18500,17800,18200,32659,0.0
2015-12-02,18200,18650,17900,18100,29738,-0.005494505494505475
2015-12-03,18300,19200,18100,18900,79320,0.04419889502762442
2015-12-04,18650,18800,17900,18400,45529,-0.02645502645502651
2015-12-07,18250,18500,17900,18200,25819,-0.010869565217391353
2015-12-08,18200,18350,17400,17400,43304,-0.04395604395604391
2015-12-09,17700,17700,16700,16900,34744,-0.028735632183908066
2015-12-10,16700,17200,16250,16450,45566,-0.026627218934911268
2015-12-11,16550,16850,15700,16350,74339,-0.006079027355623046
2015-12-14,15800,16300,15600,15850,48455,-0.030581039755351647
2015-12-15,16000,16600,15750,16550,22460,0.04416403785488954
2015-12-16,16600,17150,16400,17000,28338,0.027190332326284095
2015-12-17,17500,17550,17000,17200,34836,0.0117647058823529
2015-12-18,17050,17900,16800,17800,30478,0.03488372093023262
2015-12-21,17700,17800,17400,17700,19646,-0.005617977528089901
2015-12-22,17700,17850,17300,17450,30850,-0.01412429378531077
2015-12-23,17550,17700,17150,17600,22577,0.008595988538681931
2015-12-24,17600,17900,17450,17600,17599,0.0
2015-12-28,17750,17950,17200,17450,32939,-0.008522727272727293
2015-12-29,17600,18700,17400,18400,64074,0.054441260744985565
2015-12-30,18600,18750,18200,18400,21910,0.0
2016-01-04,18550,18550,17700,18100,32833,-0.016304347826086918
2016-01-05,17650,18050,17300,17400,42899,-0.03867403314917128
2016-01-06,17400,17550,16400,16700,86685,-0.04022988505747127
2016-01-07,16600,17100,16450,16650,35191,-0.0029940119760478723
2016-01-08,17000,18100,16750,17800,156839,0.06906906906906918
2016-01-11,17850,17850,16500,16750,104800,-0.0589887640449438
2016-01-12,16900,16900,16300,16350,39061,-0.023880597014925398
2016-01-13,16500,16650,15950,16050,139638,-0.01834862385321101
2016-01-14,15750,15950,15050,15500,151511,-0.034267912772585674
2016-01-15,15600,15750,14850,15000,85570,-0.032258064516129004
2016-01-18,14750,15050,14600,14850,69520,-0.010000000000000009
2016-01-19,14800,15450,14800,15400,57957,0.03703703703703698
2016-01-20,15500,15500,14600,14900,39925,-0.03246753246753242
2016-01-21,14800,15300,14750,14950,21845,0.003355704697986628
2016-01-22,15450,15750,15000,15300,53992,0.02341137123745818
2016-01-25,15350,15600,15150,15400,27130,0.006535947712418277
2016-01-26,15400,15400,14900,15000,25452,-0.025974025974025983
2016-01-27,15200,15500,14850,15000,46299,0.0
2016-01-28,15000,15300,14750,15000,25989,0.0
2016-01-29,15350,15800,15300,15600,72254,0.040000000000000036
2016-02-01,15600,15700,15050,15250,89689,-0.022435897435897467
2016-02-02,15200,15250,14800,14900,63340,-0.022950819672131195
2016-02-03,14800,15250,14750,15050,40413,0.010067114093959662
2016-02-04,15050,15100,14850,15050,37997,0.0
2016-02-05,15050,15150,14450,14550,121333,-0.03322259136212624
2016-02-11,13950,14200,12950,13000,157242,-0.10652920962199308
2016-02-12,12900,13150,11150,11900,338033,-0.08461538461538465
2016-02-15,11900,12250,11700,11900,83711,0.0
2016-02-16,12000,12200,11700,12100,96836,0.01680672268907557
2016-02-17,12350,12500,11850,12100,101562,0.0
2016-02-18,12300,12450,11850,12000,72612,-0.008264462809917328
2016-02-19,11850,12300,11200,11500,220062,-0.04166666666666663
2016-02-22,11450,12250,11400,12100,123317,0.05217391304347818
2016-02-23,12500,12850,12450,12550,163013,0.037190082644628086
2016-02-24,12550,12800,12350,12600,62716,0.003984063745019917
2016-02-25,12700,12800,12350,12400,46192,-0.015873015873015928
2016-02-26,12500,12650,12150,12300,50879,-0.008064516129032251
2016-02-29,12500,12750,12400,12600,42549,0.024390243902439046
2016-03-02,12750,12950,12550,12800,59293,0.015873015873015817
2016-03-03,12800,13150,12550,13050,54812,0.01953125
2016-03-04,13150,13350,13050,13250,50596,0.015325670498084198
2016-03-07,13300,13450,13000,13200,52927,-0.0037735849056603765
2016-03-08,13200,13250,12850,13100,57918,-0.007575757575757569
2016-03-09,13050,13350,13050,13150,24818,0.003816793893129722
2016-03-10,13150,13650,13100,13400,57746,0.019011406844106515
2016-03-11,13550,13550,13050,13300,33985,-0.007462686567164201
2016-03-14,13300,13500,13150,13500,23402,0.015037593984962516
2016-03-15,13400,13550,13100,13150,31398,-0.025925925925925908
2016-03-16,13200,13200,12850,12900,35883,-0.019011406844106515
2016-03-17,12950,13100,12800,12900,55491,0.0
2016-03-18,12900,13000,12500,12750,70333,-0.011627906976744207
2016-03-21,12750,13500,12750,13400,100869,0.050980392156862786
2016-03-22,13500,13500,13150,13400,33843,0.0
2016-03-23,13450,13450,12950,13150,43589,-0.018656716417910446
2016-03-24,13150,13150,12650,12800,53466,-0.026615969581749055
2016-03-25,12750,12850,12450,12600,47150,-0.015625
2016-03-28,12500,12650,12300,12300,32256,-0.023809523809523836
2016-03-29,12300,13050,12300,13000,55110,0.05691056910569103
2016-03-30,13050,13200,12900,13050,45642,0.0038461538461538325
2016-03-31,13150,13200,12700,13000,51894,-0.003831417624521105
2016-04-01,13000,13200,12900,13050,40725,0.0038461538461538325
2016-04-04,13200,13200,12750,13150,49613,0.00766283524904221
2016-04-05,13150,13150,12650,12750,68645,-0.03041825095057038
2016-04-06,12600,12850,12550,12800,60772,0.0039215686274509665
2016-04-07,12850,12850,12600,12800,31620,0.0
2016-04-08,12650,12750,12450,12600,51816,-0.015625
2016-04-11,12500,13050,12500,13000,54602,0.031746031746031855
2016-04-12,13000,13150,12800,13150,36081,0.011538461538461497
2016-04-14,13050,13400,13050,13400,71237,0.019011406844106515
2016-04-15,13300,14600,13200,13950,374867,0.04104477611940305
2016-04-18,13950,14300,13450,13450,153162,-0.03584229390681004
2016-04-19,13650,14650,13550,14100,307685,0.048327137546468446
2016-04-20,14350,14650,14050,14550,162102,0.03191489361702127
2016-04-21,14700,14800,14350,14800,137512,0.01718213058419238
2016-04-22,15000,15650,15000,15600,434160,0.054054054054053946
2016-04-25,15750,15800,15100,15300,140933,-0.019230769230769273
2016-04-26,15100,15350,14500,15350,167819,0.0032679738562091387
2016-04-27,15350,15950,15150,15600,110159,0.016286644951140072
2016-04-28,15700,15750,15000,15050,103504,-0.03525641025641024
2016-04-29,14900,15200,14650,14900,77268,-0.009966777408637828
2016-05-02,15150,15150,14550,14600,70375,-0.020134228187919434
2016-05-03,14600,15250,14600,14950,64983,0.023972602739726012
2016-05-04,14600,14700,14250,14450,101911,-0.03344481605351168
2016-05-09,14500,14850,14000,14000,52335,-0.03114186851211076
2016-05-10,14200,14350,13650,14300,60268,0.021428571428571352
2016-05-11,14250,14250,13900,14000,31001,-0.020979020979020935
2016-05-12,13950,14250,13900,14100,26410,0.0071428571428571175
2016-05-13,14100,14300,14000,14100,45690,0.0
2016-05-16,14150,14150,13500,13850,66669,-0.01773049645390068
2016-05-17,14000,14050,13350,14000,49140,0.010830324909747224
2016-05-18,13950,14150,13600,14050,39432,0.0035714285714285587
2016-05-19,13950,14450,13900,14200,60858,0.01067615658362997
2016-05-20,14200,14250,13800,14250,35547,0.0035211267605634866
2016-05-23,14300,14600,14100,14250,47783,0.0
2016-05-24,14350,14400,14000,14100,25043,-0.010526315789473717
2016-05-25,14300,15300,13900,15000,140734,0.06382978723404253
2016-05-26,15150,15500,14750,15150,73787,0.010000000000000009
2016-05-27,15100,15600,14600,15550,138538,0.0264026402640265
2016-05-30,15550,15600,15200,15450,68995,-0.006430868167202619
2016-05-31,15550,15550,15300,15450,64069,0.0
2016-06-01,15450,15500,14850,15150,51155,-0.01941747572815533
2016-06-02,15250,15250,14750,14850,33983,-0.01980198019801982
2016-06-03,14850,15050,14400,14450,66286,-0.026936026936026924
2016-06-07,14700,14700,14300,14500,42393,0.0034602076124568004
2016-06-08,14600,14600,14150,14250,39791,-0.017241379310344862
2016-06-09,14300,14400,14000,14200,74546,-0.0035087719298245723
2016-06-10,14250,14550,14000,14550,43782,0.02464788732394374
2016-06-13,14250,14500,14100,14350,39662,-0.013745704467353903
2016-06-14,14200,14350,13900,14300,42017,-0.0034843205574912606
2016-06-15,14300,14300,14050,14050,30314,-0.0174825174825175
2016-06-16,14000,14150,13350,13500,65546,-0.039145907473309594
2016-06-17,13750,13950,13450,13550,33404,0.0037037037037037646
2016-06-20,13700,14000,13600,13900,24334,0.02583025830258312
2016-06-21,14050,14200,13600,13700,29530,-0.014388489208633115
2016-06-22,13800,14150,13650,13950,31023,0.018248175182481674
2016-06-23,14000,14250,13750,14150,32568,0.014336917562723928
2016-06-24,14500,14700,12900,13500,150279,-0.04593639575971731
2016-06-27,12750,13550,12750,13300,55663,-0.014814814814814836
2016-06-28,13050,13650,13000,13600,31779,0.022556390977443552
2016-06-29,13700,13800,13500,13750,38537,0.011029411764705843
2016-06-30,13800,13900,13650,13750,38863,0.0
2016-07-01,13900,13900,13750,13850,19192,0.0072727272727273196
2016-07-04,13850,14350,13850,14000,34224,0.010830324909747224
2016-07-05,14000,14150,13550,13650,56646,-0.025000000000000022
2016-07-06,13800,13800,13200,13400,50668,-0.01831501831501836
2016-07-07,13550,13600,13350,13450,34566,0.003731343283582156
2016-07-08,13400,13550,13200,13200,34390,-0.018587360594795488
2016-07-11,13200,13700,13150,13550,52037,0.026515151515151603
2016-07-12,13700,13750,13500,13500,19842,-0.0036900369003689537
2016-07-13,13700,13750,13350,13650,38794,0.011111111111111072
2016-07-14,13550,13750,13400,13750,25888,0.0073260073260073
2016-07-15,13750,13850,13500,13600,47705,-0.010909090909090868
2016-07-18,13500,13700,13250,13400,26169,-0.014705882352941124
2016-07-19,13500,13600,13200,13600,35872,0.014925373134328401
2016-07-20,13450,13650,13400,13400,23060,-0.014705882352941124
2016-07-21,13500,13600,13200,13250,32586,-0.011194029850746245
2016-07-22,13350,13450,13100,13150,45634,-0.007547169811320753
2016-07-25,13200,13650,13150,13600,35690,0.034220532319391594
2016-07-26,13500,14050,13500,13650,42978,0.003676470588235281
2016-07-27,13800,13800,13500,13600,15184,-0.00366300366300365
2016-07-28,13500,13850,13500,13500,19368,-0.007352941176470562
2016-07-29,13550,13800,13500,13600,18219,0.007407407407407307
2016-08-01,13700,13700,13200,13300,25494,-0.022058823529411797
2016-08-02,13400,13400,12950,13150,73031,-0.011278195488721776
2016-08-03,13050,13150,12750,12750,41453,-0.03041825095057038
2016-08-04,12900,12900,12500,12600,57629,-0.0117647058823529
2016-08-05,12650,12750,12500,12600,37225,0.0
2016-08-08,12600,13350,12600,13050,64839,0.03571428571428581
2016-08-09,12950,13150,12950,12950,20803,-0.007662835249042099
2016-08-10,13150,13150,12800,12950,18364,0.0
2016-08-11,13000,13050,12750,13000,20134,0.0038610038610038533
2016-08-12,13050,13100,12700,12950,19787,-0.0038461538461538325
2016-08-16,12950,13100,12700,12800,44134,-0.01158301158301156
2016-08-17,12900,12950,12450,12550,53747,-0.01953125
2016-08-18,12500,12650,12400,12450,18615,-0.007968127490039834
2016-08-19,12550,12550,12050,12100,46752,-0.028112449799196804
2016-08-22,12050,12150,11650,11750,34951,-0.02892561983471076
2016-08-23,11400,12250,11400,12000,66976,0.02127659574468077
2016-08-24,12000,12400,12000,12300,22551,0.02499999999999991
2016-08-25,12200,12250,12000,12000,22860,-0.024390243902439046
2016-08-26,12000,12150,11900,12000,21696,0.0
2016-08-29,12000,12150,11150,11150,52943,-0.0708333333333333
2016-08-30,11500,11600,11150,11250,44670,0.008968609865470878
2016-08-31,11350,11400,10950,11300,25122,0.004444444444444473
2016-09-01,11350,11400,10900,11100,26614,-0.017699115044247815
2016-09-02,11250,11250,11000,11200,16023,0.009009009009008917
2016-09-05,11400,12100,11400,11600,131900,0.03571428571428581
2016-09-06,11650,11750,11450,11550,24892,-0.004310344827586188
2016-09-07,11650,11650,10600,10950,172853,-0.051948051948051965
2016-09-08,10950,11000,10200,10400,136123,-0.05022831050228316
2016-09-09,10450,10550,9960,9960,142039,-0.04230769230769227
2016-09-12,9890,9950,9670,9670,69911,-0.029116465863453844
2016-09-13,9990,10250,9710,9800,106075,0.013443640124095158
2016-09-19,9920,9930,9610,9640,64119,-0.01632653061224487
2016-09-20,9650,10100,9370,9840,242045,0.020746887966804906
2016-09-21,9980,10350,9900,9930,115427,0.009146341463414531
2016-09-22,10000,10450,9990,10050,94231,0.012084592145015005
2016-09-23,10100,10250,9990,10100,29056,0.004975124378109541
2016-09-26,10200,10200,10000,10100,53970,0.0
2016-09-27,10100,10200,9970,10100,30265,0.0
2016-09-28,10150,10250,10050,10150,34847,0.004950495049504955
2016-09-29,10200,10200,9880,9940,61518,-0.020689655172413834
2016-09-30,9940,9980,9530,9620,74308,-0.03219315895372232
2016-10-04,9620,10050,9620,9770,76932,0.015592515592515621
2016-10-05,9850,9980,9780,9900,42499,0.013306038894575156
2016-10-06,10000,10050,9860,9860,44774,-0.004040404040404066
2016-10-07,9930,11750,9930,10950,714612,0.1105476673427992
2016-10-10,10900,11200,10350,10500,188327,-0.04109589041095896
2016-10-11,10600,10650,10100,10200,112397,-0.02857142857142858
2016-10-12,10100,10250,9810,10000,211718,-0.019607843137254943
2016-10-13,10550,10750,9840,9840,382816,-0.016000000000000014
2016-10-14,9860,10150,9660,9660,126940,-0.018292682926829285
2016-10-17,9660,9700,9290,9290,147577,-0.038302277432712195
2016-10-18,9290,9500,9190,9230,61268,-0.006458557588805203
2016-10-19,9260,9360,9140,9150,52138,-0.008667388949079036
2016-10-20,9110,9190,8730,8750,120413,-0.04371584699453557
2016-10-21,8770,9100,8760,8910,42721,0.01828571428571424
2016-10-24,8930,8990,8800,8880,35231,-0.0033670033670033517
2016-10-25,8880,8980,8700,8850,39187,-0.0033783783783783994
2016-10-26,8720,8890,8630,8740,43425,-0.012429378531073398
2016-10-27,8740,9070,8740,8950,22603,0.024027459954233388
2016-10-28,8940,9030,8690,8850,32251,-0.011173184357541888
2016-10-31,8850,8850,8450,8530,63046,-0.0361581920903955
2016-11-01,8350,8760,8350,8560,54198,0.003516998827667095
2016-11-02,8450,8560,7840,7900,101759,-0.0771028037383178
2016-11-03,7840,8170,7820,8030,39391,0.016455696202531733
2016-11-04,7960,8110,7890,8080,20131,0.0062266500622665255
2016-11-07,8080,8270,8080,8270,22735,0.023514851485148425
2016-11-08,8270,8340,8240,8310,18969,0.0048367593712213
2016-11-09,8410,8410,7420,8000,66675,-0.03730445246690739
2016-11-10,8090,8340,8000,8300,47746,0.03750000000000009
2016-11-11,8210,8320,8140,8210,18399,-0.010843373493975905
2016-11-14,8210,8300,8050,8090,27318,-0.01461632155907433
2016-11-15,8090,8190,7920,8010,20298,-0.00988875154511748
2016-11-16,8010,8380,7990,8350,47871,0.04244694132334592
2016-11-17,8350,8490,8250,8400,18608,0.0059880239520957446
2016-11-18,8320,9650,8320,8800,411732,0.04761904761904767
2016-11-21,8930,8930,8660,8660,39654,-0.015909090909090873
2016-11-22,8690,8740,8360,8520,61054,-0.0161662817551963
2016-11-23,8850,8950,8380,8430,74838,-0.010563380281690127
2016-11-24,8430,8550,8000,8010,48068,-0.04982206405693945
2016-11-25,8010,8200,7920,8120,25119,0.013732833957553092
2016-11-28,8120,8190,7910,7950,31684,-0.020935960591133007
2016-11-29,7950,8100,7900,8000,14930,0.0062893081761006275
2016-11-30,8000,8240,8000,8200,13563,0.02499999999999991
2016-12-01,8200,8200,8000,8140,15394,-0.007317073170731714
2016-12-02,8140,8160,7950,8050,15428,-0.011056511056511065
2016-12-05,8050,8100,7930,7950,19797,-0.012422360248447228
2016-12-06,7950,8120,7950,8100,8771,0.018867924528301883
2016-12-07,7940,8100,7940,8090,14449,-0.0012345679012345512
2016-12-08,8180,8280,8050,8170,20389,0.009888751545117369
2016-12-09,8190,8510,8080,8500,33069,0.04039167686658507
2016-12-12,8580,8580,8400,8500,18189,0.0
2016-12-13,8380,8840,8380,8510,42749,0.0011764705882353343
2016-12-14,8600,8740,8560,8650,22109,0.016451233842538215
2016-12-15,8650,8760,8560,8760,20390,0.012716763005780285
2016-12-16,8740,9000,8740,9000,53552,0.027397260273972712
2016-12-19,9010,9290,8900,9040,23669,0.004444444444444473
2016-12-20,9020,9140,8910,8960,23214,-0.008849557522123908
2016-12-21,8930,8970,8760,8770,21021,-0.021205357142857095
2016-12-22,8780,8860,8550,8700,24587,-0.007981755986317007
2016-12-23,8700,8790,8550,8550,19905,-0.017241379310344862
2016-12-26,8560,8730,8510,8720,10413,0.019883040935672502
2016-12-27,8680,8830,8670,8830,14100,0.012614678899082632
2016-12-28,8710,9200,8710,9180,42485,0.039637599093997666
2016-12-29,9200,9320,9050,9290,33779,0.011982570806100323
2017-01-02,9300,9390,9200,9200,21329,-0.009687836383207804
2017-01-03,9220,9460,9200,9430,28034,0.02499999999999991
2017-01-04,9430,9530,9300,9420,25411,-0.0010604453870625141
2017-01-05,9360,9550,9360,9460,17340,0.00424628450106157
2017-01-06,9500,9650,9420,9500,17601,0.0042283298097252064
2017-01-09,9640,9640,9260,9550,19043,0.0052631578947368585
2017-01-10,9500,9540,9310,9310,17486,-0.025130890052356025
2017-01-11,9220,9490,9170,9180,24542,-0.013963480128893702
2017-01-12,9180,9270,9130,9240,16599,0.006535947712418277
2017-01-13,9240,9240,9070,9180,20202,-0.00649350649350644
2017-01-16,9270,9280,8990,9020,19448,-0.017429193899782147
2017-01-17,9020,9250,9020,9040,12319,0.0022172949002217113
2017-01-18,9010,9130,8910,9030,7862,-0.0011061946902655162
2017-01-19,9250,9300,9100,9220,17621,0.021040974529346723
2017-01-20,9250,9450,9200,9430,31505,0.022776572668112838
2017-01-23,9430,9540,9330,9430,26295,0.0
2017-01-24,9400,9520,9350,9460,13473,0.0031813361611876534
2017-01-25,9420,9550,9250,9350,31423,-0.011627906976744207
2017-01-26,9350,9470,9240,9300,16921,-0.005347593582887722
2017-01-31,9240,9400,9150,9200,20369,-0.010752688172043001
2017-02-01,9200,9500,9120,9500,22948,0.032608695652173836
2017-02-02,9460,10300,9460,10200,170290,0.0736842105263158
2017-02-03,10300,10500,9990,10050,83547,-0.014705882352941124
2017-02-06,10050,10250,9850,10150,66270,0.00995024875621886
2017-02-07,10100,10200,9950,9960,35681,-0.01871921182266012
2017-02-08,9960,10100,9810,9990,27987,0.003012048192771122
2017-02-09,10100,10350,9930,10150,32683,0.0160160160160161
2017-02-10,10150,10250,9980,10000,28322,-0.014778325123152691
2017-02-13,10150,10200,9950,9960,23127,-0.0040000000000000036
2017-02-14,9870,9960,9650,9700,40036,-0.026104417670682722
2017-02-15,9670,9980,9670,9890,16779,0.019587628865979312
2017-02-16,10000,10000,9850,9900,11114,0.0010111223458038054
2017-02-17,10000,10000,9750,9970,20488,0.007070707070707005
2017-02-20,9700,9950,9700,9890,19619,-0.008024072216649913
2017-02-21,9900,9930,9770,9800,9034,-0.009100101112234582
2017-02-22,9780,9940,9670,9670,20224,-0.013265306122449028
2017-02-23,9860,10000,9720,9880,24214,0.02171664943123064
2017-02-24,9920,9990,9800,9800,5674,-0.0080971659919028
2017-02-27,9800,9820,9680,9720,21985,-0.008163265306122436
2017-02-28,9750,9750,9600,9610,25299,-0.011316872427983515
2017-03-02,9610,9700,9540,9630,6434,0.0020811654526535772
2017-03-03,9510,9630,9370,9450,21674,-0.01869158878504673
2017-03-06,9450,9540,9310,9350,15074,-0.010582010582010581
2017-03-07,9280,9360,9220,9350,21317,0.0
2017-03-08,9350,9700,9350,9370,7907,0.002139037433155133
2017-03-09,9500,9570,9250,9260,16299,-0.011739594450373536
2017-03-10,9200,9360,9100,9300,18276,0.004319654427645814
2017-03-13,9230,9390,9230,9260,8273,-0.004301075268817178
2017-03-14,9250,9350,9200,9300,12184,0.004319654427645814
2017-03-15,9390,9390,9170,9200,11216,-0.010752688172043001
2017-03-16,9200,9300,9130,9200,12357,0.0
2017-03-17,9140,9260,9130,9230,9791,0.003260869565217428
2017-03-20,9230,9290,9060,9150,16015,-0.008667388949079036
2017-03-21,9040,9230,9040,9100,10932,-0.005464480874316946
2017-03-22,9000,9170,9000,9100,9754,0.0
2017-03-23,9100,9160,8920,8970,17919,-0.014285714285714235
2017-03-24,8970,9000,8750,8990,25028,0.0022296544035673715
2017-03-27,9070,9070,8810,8850,12852,-0.015572858731924377
2017-03-28,8900,8900,8740,8890,7430,0.004519774011299438
2017-03-29,8890,8930,8820,8850,11425,-0.004499437570303688
2017-03-30,8800,8960,8800,8940,23963,0.01016949152542379
2017-03-31,9060,9060,8790,9020,9298,0.008948545861297452
2017-04-03,8980,9350,8980,9270,19359,0.027716186252771724
2017-04-04,9140,9400,9140,9330,18676,0.006472491909385036
2017-04-05,9330,9400,9280,9280,16351,-0.005359056806002127
2017-04-06,9380,9400,9290,9320,16906,0.004310344827586299
2017-04-07,9370,9370,9300,9350,9352,0.0032188841201716833
2017-04-10,9400,9400,9190,9270,12632,-0.00855614973262031
2017-04-11,9160,9550,9160,9380,25521,0.011866235167206085
2017-04-12,9380,9480,9300,9390,7519,0.0010660980810235365
2017-04-13,9400,9780,9380,9760,37991,0.03940362087326954
2017-04-14,9780,9850,9300,9300,24332,-0.047131147540983576
2017-04-17,9350,9450,9300,9430,12056,0.013978494623655857
2017-04-18,9430,9580,9420,9550,12261,0.012725344644750836
2017-04-19,9590,9600,9430,9490,8610,-0.006282722513089034
2017-04-20,9440,9480,9300,9360,20459,-0.013698630136986356
2017-04-21,9360,9460,9310,9450,9376,0.009615384615384581
2017-04-24,9470,9830,9470,9630,72182,0.01904761904761898
2017-04-25,9660,9760,9620,9670,10327,0.004153686396677125
2017-04-26,9680,9860,9680,9760,39597,0.009307135470527417
2017-04-27,9750,9770,9520,9640,25335,-0.012295081967213073
2017-04-28,9730,9730,9400,9540,26968,-0.010373443983402453
2017-05-02,9540,9540,9410,9500,10649,-0.004192872117400381
2017-05-04,9310,9590,9310,9490,17088,-0.001052631578947416
2017-05-08,9520,9580,9460,9580,20285,0.0094836670179137
2017-05-10,9620,9630,9500,9600,17635,0.0020876826722338038
2017-05-11,9600,9750,9550,9690,12151,0.009374999999999911
2017-05-12,9710,9750,9640,9730,18029,0.0041279669762641635
2017-05-15,9770,9870,9670,9870,69249,0.014388489208633004
2017-05-16,10400,10500,9990,10150,183048,0.028368794326241176
2017-05-17,10200,10200,9900,9930,49280,-0.021674876847290636
2017-05-18,9800,10100,9710,9800,25641,-0.01309164149043307
2017-05-19,9800,10150,9800,10050,46269,0.025510204081632626
2017-05-22,10050,10350,10050,10250,38530,0.01990049751243772
2017-05-23,10200,10350,10150,10250,18405,0.0
2017-05-24,10250,10350,10100,10250,20298,0.0
2017-05-25,10200,10650,10150,10600,83109,0.034146341463414664
2017-05-26,10700,10700,10300,10350,58616,-0.02358490566037741
2017-05-29,10350,10550,10100,10250,23432,-0.009661835748792313
2017-05-30,10250,10400,10150,10250,15352,0.0
2017-05-31,10250,10250,9990,10000,61144,-0.024390243902439046
2017-06-01,10000,10150,9900,9950,15992,-0.0050000000000000044
2017-06-02,9950,10100,9890,10050,24954,0.01005025125628145
2017-06-05,10050,10150,9950,10100,20276,0.004975124378109541
2017-06-07,10100,10100,9940,9980,20991,-0.011881188118811892
2017-06-08,9980,10350,9980,10050,18851,0.007014028056112176
2017-06-09,10100,10200,10000,10150,38076,0.00995024875621886
2017-06-12,10200,10350,10050,10200,20411,0.0049261083743843415
2017-06-13,10300,10300,9990,10050,20412,-0.014705882352941124
2017-06-14,10050,10100,9980,9990,19160,-0.005970149253731294
2017-06-15,9990,10100,9950,10050,12323,0.006006006006006093
2017-06-16,10050,10200,9920,9960,13468,-0.008955223880596996
2017-06-19,9960,10000,9880,9980,11662,0.002008032128514081
2017-06-20,9980,10000,9830,9900,18654,-0.008016032064128265
2017-06-21,9890,9900,9670,9840,19429,-0.0060606060606061
2017-06-22,9840,10050,9730,9750,12006,-0.009146341463414642
2017-06-23,9750,9900,9700,9750,17055,0.0
2017-06-26,9750,9800,9520,9610,33943,-0.014358974358974375
2017-06-27,9600,9600,9230,9400,73252,-0.02185223725286156
2017-06-28,9400,9400,8910,9060,66857,-0.036170212765957444
2017-06-29,9000,9130,8960,9110,15227,0.0055187637969094094
2017-06-30,9110,9150,9000,9080,9668,-0.003293084522502765
2017-07-03,9080,9160,9030,9080,12523,0.0
2017-07-04,9100,9170,8900,9070,16904,-0.0011013215859030367
2017-07-05,9070,9390,8910,9320,23636,0.027563395810363822
2017-07-06,9370,9470,9280,9320,8193,0.0
2017-07-07,9200,9350,9140,9310,7417,-0.0010729613733905241
2017-07-10,9310,9310,9050,9160,11391,-0.01611170784103111
2017-07-11,9160,9410,8940,9000,28026,-0.017467248908296984
2017-07-12,9000,11600,9000,10150,4083593,0.12777777777777777
2017-07-13,10050,10200,9770,10100,745131,-0.0049261083743842304
2017-07-14,10150,10450,9970,10300,546086,0.01980198019801982
2017-07-17,10300,10400,10000,10350,220787,0.004854368932038833
2017-07-18,10450,11850,10450,10700,2329299,0.033816425120772875
2017-07-19,10800,11100,10450,11100,371578,0.03738317757009346
2017-07-20,11050,11100,10700,10850,173107,-0.022522522522522515
2017-07-21,10750,10900,10300,10650,314186,-0.018433179723502335
2017-07-24,10650,10800,10400,10800,114994,0.014084507042253502
2017-07-25,10600,10750,10150,10150,221682,-0.06018518518518523
2017-07-26,10300,10350,10100,10200,78404,0.0049261083743843415
2017-07-27,10100,10250,10000,10200,73069,0.0
2017-07-28,10150,10350,9930,10300,96571,0.009803921568627416
2017-07-31,10300,10650,9950,9950,125070,-0.03398058252427183
2017-08-01,9950,10150,9690,10000,71052,0.005025125628140614
2017-08-02,9950,10100,9800,9850,57020,-0.015000000000000013
2017-08-03,9850,9860,9490,9590,72492,-0.02639593908629445
2017-08-04,9500,9690,9500,9580,33787,-0.0010427528675703845
2017-08-07,9680,10200,9630,10000,85861,0.04384133611691032
2017-08-08,10100,10850,9870,10350,246164,0.03499999999999992
2017-08-09,10300,10350,10000,10200,85528,-0.01449275362318836
2017-08-10,10200,10200,9980,10000,54258,-0.019607843137254943
2017-08-11,9850,10000,9800,9940,28412,-0.006000000000000005
2017-08-14,9950,10200,9800,9880,35129,-0.006036217303822977
2017-08-16,9890,10200,9880,9980,37559,0.010121457489878471
2017-08-17,10050,10200,9950,10100,27633,0.012024048096192397
2017-08-18,9980,10500,9980,10400,92305,0.02970297029702973
2017-08-21,10500,10600,10250,10550,85723,0.014423076923076872
2017-08-22,10550,10650,10200,10200,67763,-0.033175355450236976
2017-08-23,10400,10950,10300,10850,240044,0.06372549019607843
2017-08-24,10800,11100,10700,11000,165098,0.01382488479262678
2017-08-25,11050,11200,10750,10800,83460,-0.018181818181818188
2017-08-28,10700,10850,10500,10600,66764,-0.01851851851851849
2017-08-29,10550,11050,10500,11000,107330,0.037735849056603765
2017-08-30,11050,11350,10850,11350,152777,0.031818181818181746
2017-08-31,11300,11550,11100,11250,117638,-0.008810572687224627
2017-09-01,11350,11700,11200,11550,154917,0.026666666666666616
2017-09-04,11050,11500,11050,11050,108299,-0.04329004329004327
2017-09-05,11300,11400,10700,11250,98045,0.018099547511312153
2017-09-06,11150,11550,11100,11250,89796,0.0
2017-09-07,11250,11750,11250,11550,136393,0.026666666666666616
2017-09-08,11750,12150,11550,11850,231955,0.025974025974025983
2017-09-11,11900,12900,11850,12900,403622,0.08860759493670889
2017-09-12,12900,13100,12750,13050,190912,0.011627906976744207
2017-09-13,13000,13400,12650,12750,218356,-0.02298850574712641
2017-09-14,12750,13400,12650,12850,134092,0.007843137254901933
2017-09-15,12900,13500,12750,13500,160209,0.05058365758754868
2017-09-18,13650,13750,13250,13350,131057,-0.011111111111111072
2017-09-19,13250,13350,12550,12950,175985,-0.029962546816479363
2017-09-20,12950,12950,11900,12150,365060,-0.061776061776061764
2017-09-21,12200,12250,11600,11700,111116,-0.03703703703703709
2017-09-22,12100,12100,11200,11700,75925,0.0
2017-09-25,11550,11950,11050,11200,117512,-0.042735042735042694
2017-09-26,11000,11400,11000,11200,45446,0.0
2017-09-27,11250,11650,11200,11600,50941,0.03571428571428581
2017-09-28,11500,11700,11050,11300,59612,-0.025862068965517238
2017-09-29,11350,11450,10850,11250,55903,-0.004424778761061954
2017-10-10,11300,11650,11300,11450,66411,0.01777777777777767
2017-10-11,11450,11700,11400,11600,41751,0.013100436681222627
2017-10-12,11550,11600,11000,11000,84418,-0.051724137931034475
2017-10-13,10900,11100,10400,10600,106629,-0.036363636363636376
2017-10-16,10600,10650,10150,10400,56371,-0.018867924528301883
2017-10-17,10400,10850,10400,10850,36779,0.04326923076923084
2017-10-18,10850,10900,10550,10550,33458,-0.027649769585253448
2017-10-19,10500,11000,10500,10850,24727,0.028436018957346043
2017-10-20,10850,11350,10500,10800,61416,-0.004608294930875556
2017-10-23,10900,10950,10500,10700,56161,-0.0092592592592593
2017-10-24,10700,10900,10500,10600,27001,-0.009345794392523366
2017-10-25,10600,10800,10550,10600,27853,0.0
2017-10-26,10650,10750,10450,10500,24484,-0.009433962264150941
2017-10-27,10550,10600,10350,10500,28737,0.0
2017-10-30,10400,10500,9900,10100,139043,-0.03809523809523807
2017-10-31,10100,10200,9800,10200,70448,0.00990099009900991
2017-11-01,10200,10250,9980,10050,31575,-0.014705882352941124
2017-11-02,10000,10150,9940,10050,34202,0.0
2017-11-03,10050,10200,9990,10100,23551,0.004975124378109541
2017-11-06,10150,10400,10100,10200,41539,0.00990099009900991
2017-11-07,10300,10300,9980,10100,25259,-0.009803921568627416
2017-11-08,10100,10250,9810,9890,88905,-0.02079207920792081
2017-11-09,9900,9970,9830,9880,31034,-0.0010111223458038054
2017-11-10,9900,10100,9850,10000,27992,0.012145748987854255
2017-11-13,10150,10200,9980,10050,40400,0.004999999999999893
2017-11-14,10050,10100,9900,10050,51767,0.0
2017-11-15,10000,10050,9660,9810,98967,-0.023880597014925398
2017-11-16,9810,9810,9420,9620,108166,-0.01936799184505611
2017-11-17,9620,9670,9300,9330,65393,-0.03014553014553012
2017-11-20,9250,9580,9250,9530,55478,0.02143622722400851
2017-11-21,9440,9580,9400,9560,33445,0.0031479538300105414
2017-11-22,9560,9560,9350,9450,36861,-0.011506276150627603
2017-11-23,9450,9580,9400,9530,41909,0.00846560846560851
2017-11-24,9620,9670,9300,9650,34173,0.012591815320041944
2017-11-27,9620,9780,9620,9630,29314,-0.002072538860103612
2017-11-28,9690,9690,9410,9410,27236,-0.022845275181723745
2017-11-29,9450,9450,9300,9350,20982,-0.006376195536663132
2017-11-30,9310,9350,9120,9200,46860,-0.016042780748663055
2017-12-01,9270,9300,9050,9200,30326,0.0
2017-12-04,9200,9280,9090,9190,17262,-0.0010869565217391797
2017-12-05,9140,9490,9090,9480,26328,0.03155603917301408
2017-12-06,9480,9750,9430,9630,50389,0.015822784810126667
2017-12-07,9750,10700,9650,10150,324401,0.05399792315680174
2017-12-08,10150,10400,9790,9880,99015,-0.026600985221674867
2017-12-11,9880,9880,9610,9670,44572,-0.021255060728744946
2017-12-12,9600,9600,9180,9220,79775,-0.04653567735263697
2017-12-13,9210,9280,9150,9220,35675,0.0
2017-12-14,9230,9340,9170,9310,45787,0.009761388286334105
2017-12-15,9310,9340,9110,9140,42711,-0.018259935553168627
2017-12-18,9140,9250,9090,9150,14075,0.001094091903719896
2017-12-19,9150,9180,8850,8850,40025,-0.032786885245901676
2017-12-20,8800,8880,8640,8770,48141,-0.009039548022598876
2017-12-21,8650,8650,8230,8350,109846,-0.04789053591790193
2017-12-22,8280,8340,8100,8240,36038,-0.013173652694610793
2017-12-26,8240,8500,8240,8370,20661,0.01577669902912615
2017-12-27,8400,8610,8330,8540,27119,0.020310633213858953
2017-12-28,8450,8580,8400,8530,16353,-0.0011709601873536313
2018-01-02,8590,8620,8450,8550,27078,0.0023446658851113966
2018-01-03,8590,8590,8430,8560,25472,0.0011695906432749315
2018-01-04,8610,8850,8540,8650,18286,0.010514018691588856
2018-01-05,8650,8650,8500,8520,33522,-0.015028901734104094
2018-01-08,8570,8570,8340,8400,35744,-0.014084507042253502
2018-01-09,8410,8530,8340,8530,41230,0.015476190476190421
2018-01-10,8530,8550,8400,8500,32054,-0.003516998827667095
2018-01-11,8570,8630,8450,8620,32043,0.014117647058823568
2018-01-12,8610,8700,8510,8560,34081,-0.00696055684454755
2018-01-15,8600,8600,8400,8410,23578,-0.017523364485981352
2018-01-16,8340,8410,8250,8340,25926,-0.008323424494649179
2018-01-17,8420,8700,8340,8700,46211,0.043165467625899234
2018-01-18,8730,9020,8720,8860,48846,0.01839080459770126
2018-01-19,8900,8940,8770,8860,28952,0.0
2018-01-22,8860,8950,8790,8880,12528,0.0022573363431150906
2018-01-23,8880,9140,8880,9040,38919,0.018018018018018056
2018-01-24,9100,9100,8960,9060,23253,0.0022123893805310324
2018-01-25,9100,9260,9000,9130,46366,0.007726269315673218
2018-01-26,9210,9240,9130,9200,21630,0.00766703176341732
2018-01-29,9280,9280,9100,9210,20779,0.0010869565217390686
2018-01-30,9220,9220,9040,9110,28727,-0.010857763300760048
2018-01-31,9080,9080,8850,9000,23598,-0.01207464324917673
2018-02-01,9000,9350,9000,9290,31951,0.03222222222222215
2018-02-02,9380,9380,9190,9270,22321,-0.0021528525296017342
2018-02-05,9200,9200,8910,8910,31395,-0.03883495145631066
2018-02-06,8610,8910,8370,8900,44184,-0.001122334455667784
2018-02-07,8900,9310,8790,9190,69243,0.03258426966292127
2018-02-08,9190,9350,9130,9260,37636,0.007616974972796564
2018-02-09,9000,9100,8880,9020,24920,-0.02591792656587477
2018-02-12,9020,9110,8950,9010,12257,-0.0011086474501108556
2018-02-13,9020,9080,8860,8930,16537,-0.008879023307436174
2018-02-14,8930,9030,8900,9030,9344,0.011198208286674172
2018-02-19,9000,9640,8970,9600,73795,0.06312292358803995
2018-02-20,9690,9690,9480,9600,22028,0.0
2018-02-21,9600,9600,9410,9510,26221,-0.009375000000000022
2018-02-22,9540,9540,9380,9500,18514,-0.001051524710830698
2018-02-23,9500,9520,9420,9510,17591,0.001052631578947416
2018-02-26,9500,9590,9430,9440,19525,-0.007360672975814886
2018-02-27,9440,9490,9270,9270,19050,-0.018008474576271194
2018-02-28,9270,9340,9220,9340,8745,0.007551240560949246
2018-03-02,9170,9330,9170,9250,15716,-0.009635974304068484
2018-03-05,9220,9340,9030,9050,22439,-0.021621621621621623
2018-03-06,9050,9160,9050,9140,10250,0.009944751381215422
2018-03-07,9140,9230,9070,9140,8218,0.0
2018-03-08,9040,9230,9040,9120,9154,-0.002188183807439792
2018-03-09,9060,9250,9060,9220,9460,0.010964912280701844
2018-03-12,9240,9370,9220,9340,14257,0.013015184381778733
2018-03-13,9340,9340,9220,9320,8062,-0.0021413276231263545
2018-03-14,9320,9320,9130,9150,12808,-0.018240343347639465
2018-03-15,9140,9160,9020,9160,18740,0.0010928961748633004
2018-03-16,9200,9210,9100,9180,9237,0.0021834061135370675
2018-03-19,9180,9340,9050,9130,20960,-0.005446623093681935
2018-03-20,9120,9180,9000,9090,17935,-0.004381161007667056
2018-03-21,9010,9100,9000,9080,14685,-0.0011001100110010764
2018-03-22,9080,9900,9080,9800,158994,0.07929515418502198
2018-03-23,9690,9920,9550,9700,115036,-0.010204081632653073
2018-03-26,9700,10350,9640,10300,142876,0.061855670103092786
2018-03-27,10350,11400,10250,11100,411042,0.07766990291262132
2018-03-28,11050,11350,10800,11200,96502,0.009009009009008917
2018-03-29,11150,11550,10700,10900,103695,-0.0267857142857143
2018-03-30,11100,11400,10500,11000,217023,0.00917431192660545
2018-04-02,11300,14250,11150,13300,2349434,0.209090909090909
2018-04-03,13050,14500,12650,14500,836537,0.09022556390977443
2018-04-04,14500,14500,13300,13700,478119,-0.05517241379310345
2018-04-05,13700,14000,13200,13800,258196,0.007299270072992803
2018-04-06,13600,14200,13300,13400,240033,-0.02898550724637683
2018-04-09,13100,13600,13000,13350,157252,-0.003731343283582045
2018-04-10,13400,13850,13250,13800,159043,0.03370786516853941
2018-04-11,14050,15500,13800,15200,813082,0.10144927536231885
2018-04-12,15550,15750,13700,13750,538049,-0.09539473684210531
2018-04-13,13850,14200,13700,14150,188183,0.029090909090909056
2018-04-16,14150,14450,13850,14350,118603,0.014134275618374659
2018-04-17,14350,14700,14000,14300,118984,-0.0034843205574912606
2018-04-18,14300,14700,14050,14350,135679,0.0034965034965035446
2018-04-19,14400,14650,13550,13650,148634,-0.04878048780487809
2018-04-20,13550,14100,13550,13900,88058,0.01831501831501825
2018-04-23,14000,14050,13200,13250,116906,-0.046762589928057596
2018-04-24,13350,13400,11000,11250,918632,-0.15094339622641506
2018-04-25,11250,11450,10950,11350,275007,0.008888888888888946
2018-04-26,11400,11600,11250,11500,179021,0.013215859030837107
2018-04-27,11600,11650,11400,11550,83878,0.004347826086956497
2018-04-30,11500,11650,11250,11600,120555,0.0043290043290042934
2018-05-02,11650,11700,11100,11450,107015,-0.012931034482758674
2018-05-03,11550,11600,11200,11500,100354,0.004366812227074135
2018-05-04,11650,12000,11300,11750,238543,0.021739130434782705
2018-05-08,11750,11950,11450,11650,110276,-0.008510638297872353
2018-05-09,11800,11800,11100,11500,139817,-0.012875536480686733
2018-05-10,11700,12250,11500,12150,149796,0.05652173913043468
2018-05-11,12150,12350,12000,12250,76787,0.008230452674897082
2018-05-14,12100,12200,11450,11700,145868,-0.04489795918367345
2018-05-15,11800,11950,11400,11400,105165,-0.02564102564102566
2018-05-16,11500,11500,10450,10650,231158,-0.06578947368421051
2018-05-17,10950,11000,10700,10700,78307,0.0046948356807512415
2018-05-18,10750,10950,10600,10950,55834,0.02336448598130847
2018-05-21,10950,11450,10900,11400,80205,0.041095890410958846
2018-05-23,11450,11450,11150,11300,36562,-0.00877192982456143
2018-05-24,11450,11500,11200,11200,59858,-0.008849557522123908
2018-05-25,11000,11350,10700,11200,47284,0.0
2018-05-28,11150,14000,11050,13350,1718089,0.1919642857142858
2018-05-29,15000,15350,13500,13700,1504231,0.02621722846441954
2018-05-30,13600,13900,12700,13000,515363,-0.051094890510948954
2018-05-31,13400,14400,13250,13300,575701,0.023076923076922995
2018-06-01,13100,13350,12550,12800,222822,-0.03759398496240607
2018-06-04,13000,13050,12500,12700,96895,-0.0078125
2018-06-05,12900,12900,12400,12500,107148,-0.015748031496062964
2018-06-07,12600,12850,12450,12750,103656,0.020000000000000018
2018-06-08,12800,12850,12000,12150,184071,-0.04705882352941182
2018-06-11,12250,12550,12100,12300,88209,0.012345679012345734
2018-06-12,12350,12550,12100,12300,61162,0.0
2018-06-14,12300,12300,11600,11650,109984,-0.05284552845528456
2018-06-15,11800,12000,11600,11700,54254,0.0042918454935623185
2018-06-18,11600,11850,11300,11450,65366,-0.021367521367521403
2018-06-19,11350,11650,10600,10750,156393,-0.06113537117903933
2018-06-20,10700,11100,10700,11000,42306,0.023255813953488413
2018-06-21,10900,11350,10850,11050,47021,0.00454545454545463
2018-06-22,10900,11200,10600,11100,66192,0.004524886877828038
2018-06-25,10800,11300,10800,11150,35446,0.0045045045045044585
2018-06-26,10900,11250,10750,10950,55031,-0.017937219730941756
2018-06-27,10850,11050,10750,10850,32301,-0.0091324200913242
2018-06-28,10750,10950,10300,10400,67996,-0.04147465437788023
2018-06-29,10350,10500,9350,9750,276072,-0.0625
2018-07-02,9660,9900,9200,9200,124377,-0.05641025641025643
2018-07-03,9220,9680,9220,9680,65557,0.05217391304347818
2018-07-04,9510,10450,9510,9870,63047,0.019628099173553792
2018-07-05,9900,9900,9410,9690,29635,-0.018237082066869248
2018-07-06,9710,9910,9520,9910,22632,0.02270381836945301
2018-07-09,10000,10000,9720,9840,22736,-0.007063572149344055
2018-07-10,9730,9980,9730,9900,12100,0.0060975609756097615
2018-07-11,9900,10250,9740,10000,31594,0.010101010101010166
2018-07-12,9960,10150,9910,10050,14437,0.004999999999999893
2018-07-13,10050,10300,9940,9940,26547,-0.010945273631840835
2018-07-16,10100,10100,9710,9900,18671,-0.004024144869215318
2018-07-17,9830,9990,9730,9890,17068,-0.0010101010101010166
2018-07-18,9890,9920,9690,9690,22227,-0.020222446916076886
2018-07-19,9600,9790,9260,9290,49150,-0.04127966976264186
2018-07-20,9290,9530,9210,9210,36267,-0.008611410118406937
2018-07-23,9100,9190,8980,9060,31366,-0.016286644951140072
2018-07-24,9060,9280,9020,9280,23445,0.024282560706401668
2018-07-25,9500,9500,9000,9330,16367,0.005387931034482651
2018-07-26,9170,9600,9170,9450,21348,0.012861736334405238
2018-07-27,9350,9470,9350,9470,16645,0.002116402116402183
2018-07-30,9500,9960,9500,9720,18778,0.026399155227032844
2018-07-31,9610,9900,9410,9480,21137,-0.024691358024691357
2018-08-01,9480,9610,9400,9590,9880,0.011603375527426074
2018-08-02,9580,9690,9410,9620,20949,0.0031282586027112647
2018-08-03,9610,9680,9460,9600,14136,-0.0020790020790020236
2018-08-06,9510,9800,9510,9700,19783,0.01041666666666674
2018-08-07,9670,9910,9620,9720,9821,0.0020618556701030855
2018-08-08,9760,9850,9680,9850,18788,0.01337448559670773
2018-08-09,9750,9850,9620,9840,12742,-0.0010152284263958977
2018-08-10,9840,9840,9660,9730,14163,-0.011178861788617933
2018-08-13,9750,9890,9270,9500,39095,-0.023638232271325776
2018-08-14,9340,9750,9230,9500,17205,0.0
2018-08-16,9500,9510,9200,9420,16349,-0.008421052631578996
2018-08-17,9400,9450,9300,9440,22166,0.002123142250530785
2018-08-20,9500,10650,9440,9900,439407,0.048728813559322015
2018-08-21,10000,10000,9780,9830,91297,-0.007070707070707116
2018-08-22,9950,10150,9790,10000,73727,0.01729399796541209
2018-08-23,9990,10500,9980,10250,121117,0.02499999999999991
2018-08-24,10350,10350,9980,10200,47949,-0.004878048780487809
2018-08-27,10000,10450,10000,10250,28697,0.004901960784313708
2018-08-28,10350,10950,10250,10750,100734,0.04878048780487809
2018-08-29,10950,11450,10850,11000,140792,0.023255813953488413
2018-08-30,11050,11350,10850,11250,51543,0.022727272727272707
2018-08-31,11250,11500,11000,11250,84053,0.0
2018-09-03,11100,11350,10950,11350,26162,0.008888888888888946
2018-09-04,11250,11400,11100,11150,28973,-0.017621145374449365
2018-09-05,11050,11100,10700,10700,37604,-0.04035874439461884
2018-09-06,10700,11000,10600,10800,15720,0.009345794392523255
2018-09-07,10700,10900,10400,10800,45038,0.0
2018-09-10,10800,11000,10650,10800,21406,0.0
2018-09-11,10850,11350,10800,11300,54264,0.04629629629629628
2018-09-12,11300,11400,11150,11400,32414,0.008849557522123908
2018-09-13,11400,11400,11050,11200,30946,-0.01754385964912286
2018-09-14,11700,11750,11250,11550,72620,0.03125
2018-09-17,11550,11600,11250,11350,34596,-0.017316017316017285
2018-09-18,11150,11350,11100,11200,22678,-0.013215859030836996
2018-09-19,11100,11350,10800,10950,25793,-0.022321428571428603
2018-09-20,10950,11050,10650,10750,29707,-0.0182648401826484
2018-09-21,11300,11500,11000,11200,71767,0.041860465116279055
2018-09-27,11200,11400,11100,11250,30794,0.0044642857142858094
2018-09-28,11150,11300,11150,11250,34402,0.0
2018-10-01,11300,12250,11300,11750,147949,0.04444444444444451
2018-10-02,11800,11950,11450,11550,76969,-0.017021276595744705
2018-10-04,11550,11700,10800,10950,72965,-0.051948051948051965
2018-10-05,10900,10900,10200,10550,80596,-0.0365296803652968
2018-10-08,10300,10650,10300,10500,21188,-0.004739336492891044
2018-10-10,10500,10700,9910,9910,47861,-0.056190476190476235
2018-10-11,9350,9680,9000,9110,80138,-0.08072653884964687
2018-10-12,8750,9680,8750,9590,43414,0.05268935236004402
2018-10-15,9420,9580,9420,9490,13153,-0.010427528675703845
2018-10-16,9340,9700,9340,9690,10702,0.021074815595363505
2018-10-17,9660,9800,9660,9790,19342,0.01031991744066052
2018-10-18,9820,9870,9670,9860,8368,0.007150153217568844
2018-10-19,9810,10300,9650,10100,29290,0.024340770791074995
2018-10-22,10100,10100,9600,9940,20698,-0.015841584158415856
2018-10-23,9940,9940,9610,9820,18037,-0.012072434607645843
2018-10-24,9760,9890,9480,9550,33158,-0.027494908350305547
2018-10-25,9100,9300,8880,9190,53610,-0.03769633507853398
2018-10-26,9210,9300,8680,8730,47283,-0.05005440696409136
2018-10-29,8500,8800,7670,7670,88068,-0.12142038946162659
2018-10-30,7210,8000,7210,7830,72037,0.020860495436766602
2018-10-31,7850,8380,7850,8150,29028,0.040868454661558085
2018-11-01,8260,8490,8170,8300,26105,0.018404907975460016
2018-11-02,8460,8680,8350,8550,22389,0.030120481927710774
2018-11-05,8550,8570,8400,8470,9506,-0.009356725146198785
2018-11-06,8560,8560,8350,8470,19434,0.0
2018-11-07,8410,8640,8330,8410,14175,-0.00708382526564344
2018-11-08,8590,8640,8360,8420,15429,0.0011890606420927874
2018-11-09,8760,8760,8240,8340,15203,-0.009501187648456089
2018-11-12,8410,8410,8160,8200,13705,-0.016786570743405282
2018-11-13,8110,8390,7930,8310,21293,0.013414634146341475
2018-11-14,8180,8390,8180,8300,22203,-0.001203369434416346
2018-11-15,8380,8380,8100,8330,21190,0.0036144578313253017
2018-11-16,8330,8470,8230,8440,20106,0.013205282112845218
2018-11-19,8560,8770,8480,8640,12124,0.023696682464454888
2018-11-20,8640,8660,8450,8660,11786,0.0023148148148148806
2018-11-21,8510,8710,8320,8680,16509,0.002309468822170979
2018-11-22,8690,8740,8370,8490,24178,-0.02188940092165903
2018-11-23,8450,8490,8330,8380,11372,-0.012956419316843326
2018-11-26,8300,8570,8270,8390,30631,0.0011933174224343368
2018-11-27,8360,8550,8360,8500,15326,0.013110846245530494
2018-11-28,8600,8720,8390,8480,32430,-0.0023529411764705577
2018-11-29,8500,8620,8500,8570,13440,0.010613207547169878
2018-11-30,8510,8650,8370,8470,38650,-0.011668611435239229
2018-12-03,8500,9000,8480,8850,51549,0.044864226682408415
2018-12-04,8900,8950,8500,8790,31703,-0.006779661016949157
2018-12-05,8750,8800,8590,8800,18480,0.0011376564277587597
2018-12-06,8840,8840,8420,8670,32526,-0.01477272727272727
2018-12-07,8670,8790,8600,8740,26782,0.008073817762399127
2018-12-10,8650,9030,8500,8610,23410,-0.014874141876430214
2018-12-11,8700,8760,8600,8650,14757,0.004645760743321681
2018-12-12,8840,9170,8670,9110,47869,0.05317919075144517
2018-12-13,9140,9370,9100,9320,26010,0.023051591657519133
2018-12-14,9350,9400,9120,9370,26418,0.005364806866952732
2018-12-17,9180,9360,8860,8870,18409,-0.053361792956243326
2018-12-18,8740,8850,8520,8650,32685,-0.0248027057497181
2018-12-19,8650,8780,8600,8730,9373,0.009248554913294793
2018-12-20,8720,8720,8550,8680,9224,-0.00572737686139746
2018-12-21,8510,8670,8490,8550,11825,-0.01497695852534564
2018-12-24,8600,8600,8380,8430,19049,-0.01403508771929829
2018-12-26,8430,8430,8060,8120,30688,-0.03677342823250296
2018-12-27,8150,8280,8070,8120,22588,0.0
2018-12-28,8050,8280,8050,8210,11465,0.011083743842364546
2019-01-02,8260,8520,8260,8350,33056,0.01705237515225333
2019-01-03,8310,8350,8090,8100,21633,-0.029940119760479056
2019-01-04,7960,8240,7960,8090,10832,-0.0012345679012345512
2019-01-07,8120,8300,8120,8220,35289,0.01606922126081578
2019-01-08,8220,8400,8110,8160,14030,-0.007299270072992692
2019-01-09,8160,8450,8150,8430,30055,0.03308823529411775
2019-01-10,8430,8450,8240,8440,15765,0.0011862396204034287
2019-01-11,8360,8920,8360,8870,47589,0.05094786729857814
2019-01-14,8870,8970,8650,8760,21491,-0.012401352874859106
2019-01-15,8720,9070,8650,8840,36641,0.009132420091324311
2019-01-16,8990,9640,8820,9460,89983,0.07013574660633481
2019-01-17,9500,9610,9080,9150,43552,-0.03276955602537002
2019-01-18,9020,9450,9020,9260,38037,0.012021857923497192
2019-01-21,9260,9300,9200,9260,13290,0.0
2019-01-22,9200,9300,9020,9100,10676,-0.017278617710583144
2019-01-23,9220,9520,9100,9430,23177,0.03626373626373636
2019-01-24,9480,9480,9350,9420,14942,-0.0010604453870625141
2019-01-25,9480,9480,9280,9450,23434,0.0031847133757962887
2019-01-28,9500,10250,9420,9990,72638,0.05714285714285716
2019-01-29,9980,10850,9710,10700,186381,0.07107107107107113
2019-01-30,10650,11800,10550,10850,516634,0.014018691588784993
2019-01-31,11100,11500,10500,10500,358468,-0.032258064516129004
2019-02-01,10500,10750,10250,10500,75408,0.0
2019-02-07,10600,10700,10200,10500,61123,0.0
2019-02-08,10500,10550,10200,10250,49088,-0.023809523809523836
2019-02-11,10300,10750,10100,10350,71820,0.009756097560975618
2019-02-12,10350,10450,10100,10200,40127,-0.01449275362318836
2019-02-13,10200,10700,10200,10500,64282,0.02941176470588225
2019-02-14,10500,10600,10300,10300,40162,-0.01904761904761909
2019-02-15,10400,11050,10300,10850,251150,0.05339805825242716
2019-02-18,10700,11250,10400,10500,343275,-0.032258064516129004
2019-02-19,10600,10600,10250,10250,67233,-0.023809523809523836
2019-02-20,10250,10350,9980,10000,95818,-0.024390243902439046
2019-02-21,10100,10150,9610,9790,66767,-0.02100000000000002
2019-02-22,9790,10150,9680,9910,52305,0.012257405515832431
2019-02-25,9820,10100,9820,10000,32963,0.00908173562058523
2019-02-26,9970,10200,9760,9760,44343,-0.02400000000000002
2019-02-27,9930,9930,9720,9750,24902,-0.0010245901639344135
2019-02-28,9710,9850,9330,9430,41546,-0.03282051282051279
2019-03-04,9400,9790,9400,9480,61769,0.005302226935312904
2019-03-05,9350,9600,9330,9590,30845,0.011603375527426074
2019-03-06,9590,9660,9470,9600,11673,0.0010427528675704956
2019-03-07,9570,9680,9340,9400,24476,-0.02083333333333337
2019-03-08,9330,9410,9070,9180,25857,-0.023404255319148914
2019-03-11,9090,9260,8950,9010,21327,-0.01851851851851849
2019-03-12,8960,9240,8960,9220,9426,0.023307436182020025
2019-03-13,9160,9300,9050,9190,18618,-0.0032537960954447387
2019-03-14,9180,9360,9180,9350,14027,0.017410228509249226
2019-03-15,9310,9430,9240,9300,17819,-0.005347593582887722
2019-03-18,9420,9750,9370,9680,43087,0.04086021505376336
2019-03-19,9750,9750,9610,9680,15219,0.0
2019-03-20,9680,11600,9310,11000,2647167,0.13636363636363646
2019-03-21,10800,11100,10500,10900,775700,-0.009090909090909038
2019-03-22,10900,11200,10650,11100,303716,0.0183486238532109
2019-03-25,10800,11050,10150,10300,300108,-0.07207207207207211
2019-03-26,10300,10650,10150,10450,160347,0.014563106796116498
2019-03-27,10600,10650,9990,10000,229075,-0.0430622009569378
2019-03-28,10000,10200,9940,9960,100384,-0.0040000000000000036
2019-03-29,9960,10250,9870,10000,82193,0.004016064257028162
2019-04-01,10050,10300,10050,10250,53988,0.02499999999999991
2019-04-02,10350,10350,10050,10200,77146,-0.004878048780487809
2019-04-03,10200,10550,10200,10500,140551,0.02941176470588225
2019-04-04,10550,10900,10350,10650,216647,0.014285714285714235
2019-04-05,10800,11100,10500,10500,248153,-0.014084507042253502
2019-04-08,10600,10800,10300,10450,107074,-0.004761904761904745
2019-04-09,10550,10650,10200,10650,90737,0.019138755980861344
2019-04-10,10550,10900,10350,10900,93515,0.023474178403755763
2019-04-11,11050,11100,10650,10800,79436,-0.00917431192660545
2019-04-12,10800,11000,10650,11000,151838,0.0185185185185186
2019-04-15,11100,11250,10900,11100,119395,0.009090909090909038
2019-04-16,11050,11150,10800,11000,99795,-0.009009009009009028
2019-04-17,11050,12000,10850,11850,440993,0.07727272727272738
2019-04-18,11850,11900,11200,11200,135520,-0.05485232067510548
2019-04-19,11200,11650,11200,11600,96707,0.03571428571428581
2019-04-22,11500,11700,11150,11250,82657,-0.030172413793103425
2019-04-23,11150,11500,11000,11050,89086,-0.01777777777777778
2019-04-24,11050,11300,10750,10950,74392,-0.009049773755656076
2019-04-25,10850,11000,10750,11000,70133,0.004566210045662045
2019-04-26,11000,11150,10600,10900,57083,-0.009090909090909038
2019-04-29,10900,11150,10900,11000,24968,0.00917431192660545
2019-04-30,11000,12400,11000,11600,1114786,0.05454545454545445
2019-05-02,11450,11550,11050,11100,330492,-0.0431034482758621
2019-05-03,11050,11150,10900,10950,177516,-0.013513513513513487
2019-05-07,10650,11000,10650,11000,64407,0.004566210045662045
2019-05-08,10800,11150,10750,11000,76579,0.0
2019-05-09,10900,11050,10450,10650,129344,-0.03181818181818186
2019-05-10,10650,11000,10500,10800,96867,0.014084507042253502
2019-05-13,10800,11250,10650,10800,92958,0.0
2019-05-14,10600,11150,10500,11000,76431,0.0185185185185186
2019-05-15,11100,11400,10800,11200,178516,0.018181818181818077
2019-05-16,11250,11300,10650,10700,133732,-0.044642857142857095
2019-05-17,10900,11150,10700,10700,87075,0.0
2019-05-20,10700,10800,10450,10450,73374,-0.02336448598130836
2019-05-21,10300,10550,10050,10100,69967,-0.03349282296650713
2019-05-22,10100,10750,10100,10550,62683,0.044554455445544594
2019-05-23,10750,10750,10200,10350,42308,-0.018957345971563955
2019-05-24,10200,10550,10100,10400,58956,0.004830917874396157
2019-05-27,10300,10450,10150,10150,30340,-0.024038461538461564
2019-05-28,10100,10600,10100,10550,43735,0.039408866995073843
2019-05-29,10600,10900,10300,10850,52096,0.028436018957346043
2019-05-30,10900,10950,10600,10700,79488,-0.01382488479262678
2019-05-31,10650,11450,10650,10950,227218,0.02336448598130847
2019-06-03,10900,11200,10750,10950,89190,0.0
2019-06-04,11000,11050,10750,10800,51320,-0.013698630136986356
2019-06-05,10900,11250,10800,11050,80334,0.02314814814814814
2019-06-07,11100,11100,10750,10950,105392,-0.009049773755656076
2019-06-10,11150,12000,10950,11950,918507,0.091324200913242
2019-06-11,12150,12250,11800,12000,424985,0.004184100418409997
2019-06-12,12050,12350,11800,12200,343271,0.016666666666666607
2019-06-13,12250,13050,11950,12850,742907,0.05327868852459017
2019-06-14,12800,13000,12600,12750,270521,-0.0077821011673151474
2019-06-17,12650,12750,12050,12250,384530,-0.039215686274509776
2019-06-18,12200,12450,11850,11900,230118,-0.02857142857142858
2019-06-19,12100,12250,11900,12050,140036,0.012605042016806678
2019-06-20,12000,12200,11750,11800,526594,-0.020746887966805017
2019-06-21,11850,12050,11600,11750,177875,-0.004237288135593209
2019-06-24,11800,11900,11150,11200,239612,-0.04680851063829783
2019-06-25,11200,11350,11000,11150,102455,-0.004464285714285698
2019-06-26,11000,11650,10900,11050,564279,-0.008968609865470878
2019-06-27,11000,11100,10450,10550,253058,-0.04524886877828049
2019-06-28,10600,10750,10400,10750,94094,0.018957345971563955
2019-07-01,10700,11050,10600,11000,83901,0.023255813953488413
2019-07-02,11050,11050,10700,10800,88778,-0.018181818181818188
2019-07-03,10700,10900,10650,10650,54427,-0.01388888888888884
2019-07-04,10650,10750,10100,10500,133546,-0.014084507042253502
2019-07-05,10500,10800,10450,10650,66366,0.014285714285714235
2019-07-08,10600,10700,10050,10050,91541,-0.05633802816901412
2019-07-09,10000,10300,9850,9850,77420,-0.01990049751243783
2019-07-10,9850,10100,9840,9880,86879,0.003045685279187804
2019-07-11,9890,10100,9890,10100,27206,0.022267206477732726
2019-07-12,10100,10200,9970,10100,38286,0.0
2019-07-15,10100,10200,9980,10000,31327,-0.00990099009900991
2019-07-16,9980,10100,9950,10050,36910,0.004999999999999893
2019-07-17,9950,10450,9920,9990,107292,-0.005970149253731294
2019-07-18,10100,10100,9950,9980,28096,-0.0010010010010009784
2019-07-19,10000,10200,9990,10050,36525,0.007014028056112176
2019-07-22,10100,10200,10000,10200,18702,0.014925373134328401
2019-07-23,10300,10650,10050,10100,72489,-0.009803921568627416
2019-07-24,10150,10300,9860,9900,47314,-0.01980198019801982
2019-07-25,9840,9980,9460,9590,99179,-0.03131313131313129
2019-07-26,9530,9680,9260,9430,48771,-0.016684045881126153
2019-07-29,9410,9410,8500,8750,85810,-0.07211028632025451
2019-07-30,8620,8950,8620,8670,85905,-0.00914285714285712
2019-07-31,8510,8900,8470,8860,57792,0.021914648212226107
2019-08-01,8690,9090,8690,8900,51354,0.004514672686230181
2019-08-02,8800,9000,8580,8850,44889,-0.005617977528089901
2019-08-05,8850,8850,7800,7800,172336,-0.11864406779661019
2019-08-06,7350,8170,7220,7500,111634,-0.038461538461538436
2019-08-07,7400,7800,7400,7670,54017,0.022666666666666613
2019-08-08,7650,8040,7630,8030,49021,0.046936114732724965
2019-08-09,8090,8170,7950,8130,36964,0.012453300124533051
2019-08-12,8010,8250,7930,8150,29064,0.002460024600245969
2019-08-13,7980,8250,7960,8020,22329,-0.015950920245398792
2019-08-14,8120,8240,8070,8090,35212,0.008728179551122262
2019-08-16,7900,8090,7680,7680,94521,-0.050679851668726794
2019-08-19,7680,7760,7460,7550,70726,-0.01692708333333337
2019-08-20,7590,8180,7550,8170,68088,0.08211920529801331
2019-08-21,8170,8720,8130,8500,87122,0.04039167686658507
2019-08-22,8610,8630,8220,8250,36643,-0.02941176470588236
2019-08-23,8120,8280,8090,8280,33798,0.0036363636363636598
2019-08-26,8190,8190,7660,7860,64136,-0.050724637681159424
2019-08-27,7990,8090,7860,7940,24624,0.010178117048346147
2019-08-28,7900,8100,7880,8030,12858,0.01133501259445846
2019-08-29,8080,8080,7900,7990,16320,-0.00498132004981322
2019-08-30,8030,8280,7980,8190,29703,0.0250312891113893
2019-09-02,8080,8390,8080,8250,24907,0.0073260073260073
2019-09-03,8260,8530,8260,8400,49018,0.018181818181818077
2019-09-04,8450,8640,8400,8630,52824,0.027380952380952284
2019-09-05,8700,8890,8500,8600,66771,-0.0034762456546929554
2019-09-06,8600,8730,8440,8530,28414,-0.008139534883720878
2019-09-09,8530,8550,8290,8310,36138,-0.02579132473622514
2019-09-10,8400,8440,8310,8380,17271,0.008423586040914532
2019-09-11,8310,8430,8290,8380,12672,0.0
2019-09-16,8390,8420,8300,8370,24854,-0.0011933174224343368
2019-09-17,8420,8660,8340,8600,29419,0.027479091995221028
2019-09-18,8420,8650,8420,8520,24125,-0.009302325581395321
2019-09-19,8930,8930,8510,8520,46138,0.0
2019-09-20,8510,8730,8450,8650,41877,0.015258215962441257
2019-09-23,8650,8670,8540,8600,19305,-0.005780346820809301
2019-09-24,8520,8690,8500,8600,23654,0.0
2019-09-25,8600,8600,8220,8270,36232,-0.03837209302325584
2019-09-26,8360,8740,8090,8200,103671,-0.008464328899637219
2019-09-27,8300,8690,8250,8380,67085,0.02195121951219514
2019-09-30,8260,8340,7910,8000,49481,-0.04534606205250602
2019-10-01,8010,8170,7920,8140,20483,0.01750000000000007
2019-10-02,8150,8270,8000,8090,26397,-0.00614250614250611
2019-10-04,8010,8140,7940,8060,16216,-0.003708281829419069
2019-10-07,8060,8100,7880,8010,22958,-0.006203473945409432
2019-10-08,7900,8060,7880,7930,21254,-0.009987515605493158
2019-10-10,7850,8020,7800,8020,22785,0.011349306431273742
2019-10-11,8040,8080,7880,7930,26304,-0.01122194513715713
2019-10-14,7950,8080,7900,8050,30218,0.015132408575031508
2019-10-15,8090,8090,7990,8000,12715,-0.006211180124223614
2019-10-16,8000,8060,7950,8040,16247,0.004999999999999893
2019-10-17,8040,8090,7970,8040,11177,0.0
2019-10-18,8060,8060,7960,7990,25899,-0.006218905472636815
2019-10-21,7920,7990,7810,7820,23828,-0.021276595744680882
2019-10-22,7820,7880,7730,7830,27754,0.0012787723785165905
2019-10-23,7800,7850,7610,7710,36986,-0.01532567049808431
2019-10-24,7640,7710,7590,7640,19148,-0.009079118028534339
2019-10-25,7570,7730,7570,7630,26632,-0.0013089005235602524
2019-10-28,7640,7890,7630,7850,21414,0.028833551769331667
2019-10-29,7850,7890,7690,7850,10066,0.0
2019-10-30,7720,7840,7650,7670,20621,-0.02292993630573248
2019-10-31,7600,7820,7600,7680,18502,0.0013037809647979959
2019-11-01,7590,7740,7590,7640,8716,-0.00520833333333337
2019-11-04,7680,7790,7600,7790,19653,0.01963350785340312
2019-11-05,7800,7800,7630,7790,16957,0.0
2019-11-06,7700,7910,7700,7860,23317,0.00898587933247752
2019-11-07,7870,7890,7810,7870,16224,0.0012722646310432406
2019-11-08,7880,8040,7880,8000,32171,0.016518424396442244
2019-11-11,7950,8050,7780,7790,31532,-0.026249999999999996
2019-11-12,7840,7840,7740,7800,18901,0.0012836970474967568
2019-11-13,7770,7900,7770,7850,12041,0.0064102564102563875
2019-11-14,7850,7850,7680,7760,16854,-0.01146496815286624
2019-11-15,7670,7760,7490,7540,78268,-0.028350515463917536
2019-11-18,7500,7640,7430,7490,17453,-0.006631299734747964
2019-11-19,7590,7590,7450,7490,11486,0.0
2019-11-20,7490,7550,7270,7400,22358,-0.012016021361815787
2019-11-21,7300,7420,7190,7310,36795,-0.012162162162162149
2019-11-22,7370,7370,7050,7200,23421,-0.015047879616963078
2019-11-25,7170,7250,7160,7250,10355,0.00694444444444442
2019-11-26,7330,7330,7240,7260,6629,0.0013793103448276334
2019-11-27,7340,7340,7210,7270,12197,0.0013774104683195176
2019-11-28,7240,7330,7180,7190,8266,-0.011004126547455306
2019-11-29,7100,7330,6900,6990,54051,-0.02781641168289295
2019-12-02,7010,7090,6720,6760,29793,-0.03290414878397707
2019-12-03,6750,6750,6580,6730,16654,-0.004437869822485174
2019-12-04,6670,6810,6500,6590,20353,-0.0208023774145617
2019-12-05,6530,6680,6440,6670,12528,0.012139605462822445
2019-12-06,6480,6710,6480,6690,14155,0.0029985007496251548
2019-12-09,6780,6780,6630,6680,4608,-0.001494768310911776
2019-12-10,6600,6750,6590,6750,11255,0.010479041916167775
2019-12-11,6800,6810,6610,6780,7334,0.004444444444444473
2019-12-12,6800,6900,6750,6770,8273,-0.001474926253687281
2019-12-13,6800,6900,6790,6850,7716,0.011816838995568624
2019-12-16,6800,6920,6800,6880,8172,0.004379562043795637
2019-12-17,6900,7510,6890,7110,79651,0.03343023255813948
2019-12-18,7110,7850,7110,7430,179792,0.04500703234880454
2019-12-19,7420,7620,7350,7360,36446,-0.009421265141319024
2019-12-20,7390,7490,7250,7300,17318,-0.008152173913043459
2019-12-23,7350,7400,7200,7260,7601,-0.005479452054794498
2019-12-24,7160,7300,7160,7170,7600,-0.012396694214875992
2019-12-26,7170,7300,7170,7180,7871,0.001394700139470073
2019-12-27,7180,7360,7020,7160,8928,-0.0027855153203342198
2019-12-30,7100,7220,7080,7220,8854,0.008379888268156499
2020-01-02,7220,7360,7170,7320,22041,0.013850415512465464
2020-01-03,7450,7450,7270,7300,14978,-0.002732240437158473
2020-01-06,7300,8000,7160,7460,98082,0.021917808219177992
2020-01-07,7460,7560,7430,7450,41972,-0.0013404825737265424
2020-01-08,7550,8050,7280,7880,478686,0.0577181208053692
2020-01-09,7500,7760,7480,7580,102319,-0.03807106598984766
2020-01-10,7580,7650,7360,7520,54602,-0.0079155672823219
2020-01-13,7520,7630,7430,7630,22749,0.0146276595744681
2020-01-14,7580,7800,7460,7470,34998,-0.020969855832241202
2020-01-15,7560,7650,7460,7460,30750,-0.0013386880856760541
2020-01-16,7610,7610,7290,7310,58972,-0.020107238605898137
2020-01-17,7290,7520,7290,7380,16034,0.009575923392612928
2020-01-20,7480,7480,7310,7390,18842,0.0013550135501354532
2020-01-21,7450,7450,7280,7280,10357,-0.014884979702300405
2020-01-22,7250,7330,7100,7180,29763,-0.013736263736263687
2020-01-23,7180,7250,7130,7250,15128,0.009749303621169991
2020-01-28,7000,7200,6980,7010,50228,-0.03310344827586209
2020-01-29,6940,7180,6940,7020,14300,0.0014265335235377208
2020-01-30,7160,7160,6840,6890,38181,-0.01851851851851849
2020-01-31,7040,7040,6530,6840,31940,-0.007256894049346929
2020-02-03,6600,6800,6600,6710,11761,-0.01900584795321636
2020-02-04,6900,6900,6700,6780,11390,0.010432190760059523
2020-02-05,6980,6980,6740,6750,14279,-0.004424778761061954
2020-02-06,6720,6890,6720,6880,8657,0.01925925925925931
2020-02-07,6820,6960,6760,6840,14918,-0.005813953488372103
2020-02-10,6830,6990,6780,6990,6257,0.021929824561403466
2020-02-11,7060,7190,6940,7110,23897,0.01716738197424883
2020-02-12,7110,7300,7040,7200,25164,0.012658227848101333
2020-02-13,7280,7320,7150,7210,12736,0.001388888888888884
2020-02-14,7110,7240,7100,7180,15934,-0.004160887656033285
2020-02-17,7200,7310,7110,7310,14044,0.01810584958217265
2020-02-18,7160,7620,7160,7340,131530,0.004103967168262557
2020-02-19,7340,7380,7120,7200,15952,-0.019073569482288777
2020-02-20,7140,7320,7100,7180,29638,-0.002777777777777768
2020-02-21,7080,7140,6940,6980,19624,-0.027855153203342642
2020-02-24,6850,6850,6500,6550,49672,-0.06160458452722062
2020-02-25,6350,6900,6350,6900,31636,0.05343511450381677
2020-02-26,6660,7250,6660,6970,23119,0.010144927536231974
2020-02-27,6900,6970,6750,6820,11627,-0.021520803443328518
2020-02-28,6610,6800,6530,6630,21518,-0.027859237536656867
2020-03-02,6530,6990,6530,6730,18429,0.015082956259426794
2020-03-03,6730,7200,6730,6920,17810,0.028231797919762158
2020-03-04,6930,7350,6930,7290,31862,0.053468208092485536
2020-03-05,7600,7600,7200,7270,79975,-0.002743484224965731
2020-03-06,7220,7220,7010,7070,36953,-0.02751031636863821
2020-03-09,6990,7040,6790,6820,34276,-0.03536067892503536
2020-03-10,6740,6800,6630,6800,38320,-0.0029325513196480912
2020-03-11,6790,6880,6360,6620,19817,-0.026470588235294135
2020-03-12,6560,6620,6000,6000,51506,-0.09365558912386707
2020-03-13,5050,5630,4860,5260,109626,-0.1233333333333333
2020-03-16,5160,5630,4730,4740,119668,-0.09885931558935357
2020-03-17,4030,4805,4030,4690,159247,-0.010548523206751037
2020-03-18,4700,4805,4495,4500,27742,-0.04051172707889128
2020-03-19,4470,4590,3215,3215,106296,-0.28555555555555556
2020-03-20,3215,3745,3215,3740,54234,0.16329704510108867
2020-03-23,3405,3710,3300,3350,38696,-0.10427807486631013
2020-03-24,3380,3720,3380,3660,28928,0.09253731343283578
2020-03-25,3715,4300,3715,4200,42480,0.14754098360655732
2020-03-26,4275,5130,4135,4815,114851,0.14642857142857135
2020-03-27,4815,5060,4490,4670,54876,-0.03011422637590866
2020-03-30,4600,4785,4320,4770,21840,0.021413276231263323
2020-03-31,4785,5130,4785,4925,54909,0.032494758909853205
2020-04-01,4925,5050,4635,4905,27742,-0.004060913705583702
2020-04-02,4905,5100,4750,5080,32329,0.03567787971457692
2020-04-03,5100,5220,5030,5100,37173,0.003937007874015741
2020-04-06,5100,5250,5020,5250,34869,0.02941176470588225
2020-04-07,5280,5380,5130,5380,30143,0.024761904761904763
2020-04-08,5380,5660,5320,5520,48525,0.026022304832713727
2020-04-09,5660,5780,5590,5640,39141,0.021739130434782705
2020-04-10,5610,5730,5500,5600,21734,-0.007092198581560294
2020-04-13,5640,5640,5310,5380,42895,-0.03928571428571426
2020-04-14,5380,5380,5240,5350,29057,-0.005576208178438624
2020-04-16,5350,5350,5090,5250,62789,-0.01869158878504673
2020-04-17,5470,5690,5350,5530,43117,0.05333333333333323
2020-04-20,5800,5800,5550,5680,63598,0.027124773960216952
2020-04-21,5610,5710,5470,5540,43234,-0.02464788732394363
2020-04-22,5360,5510,5360,5470,18258,-0.012635379061371799
2020-04-23,5510,5630,5510,5590,14333,0.021937842778793515
2020-04-24,5490,5740,5480,5600,12880,0.0017889087656528524
2020-04-27,5600,6800,5600,6250,824946,0.1160714285714286
2020-04-28,6380,6380,6060,6140,101739,-0.01759999999999995
2020-04-29,6080,6210,6030,6070,34515,-0.01140065146579805
2020-05-04,6020,6080,5940,6070,25633,0.0
2020-05-06,6010,6130,5970,6120,18075,0.008237232289950658
2020-05-07,6130,6390,6130,6380,42962,0.042483660130719025
2020-05-08,6440,6480,6360,6420,25167,0.006269592476489061
2020-05-11,6490,6510,6290,6460,24218,0.006230529595015577
2020-05-12,6430,7210,5900,6010,1091186,-0.06965944272445823
2020-05-13,6020,6020,5800,5900,86554,-0.01830282861896837
2020-05-14,5920,5930,5780,5890,41246,-0.0016949152542372614
2020-05-15,5890,5960,5800,5810,31635,-0.01358234295415961
2020-05-18,5820,5970,5820,5940,54667,0.022375215146299476
2020-05-19,5940,6130,5930,6090,82040,0.025252525252525304
2020-05-20,6140,6250,6040,6170,40057,0.013136288998357948
2020-05-21,6240,6260,6120,6180,51910,0.0016207455429497752
2020-05-22,6180,6270,6100,6100,37641,-0.012944983818770184
2020-05-25,6110,6290,6110,6260,37017,0.026229508196721207
2020-05-26,6260,6480,6220,6410,94375,0.023961661341852958
2020-05-27,6500,6500,6320,6330,49912,-0.012480499219968744
2020-05-28,6360,6500,6010,6180,58870,-0.023696682464455
2020-05-29,6180,6180,6080,6110,29284,-0.01132686084142398
2020-06-01,6200,6350,6110,6340,52003,0.03764320785597386
2020-06-02,6340,6460,6260,6330,27445,-0.001577287066246047
2020-06-03,6420,6420,6280,6290,32284,-0.006319115323854652
2020-06-04,6310,6700,6290,6680,253737,0.062003179650238494
2020-06-05,6680,6680,6560,6620,71115,-0.008982035928143728
2020-06-08,6620,6690,6480,6620,48771,0.0
2020-06-09,6620,6900,6490,6690,360247,0.010574018126888296
2020-06-10,6690,6700,6480,6500,64169,-0.02840059790732441
2020-06-11,6450,6570,6370,6380,62220,-0.018461538461538418
2020-06-12,6020,6320,6010,6300,79069,-0.01253918495297801
2020-06-15,6300,6300,5900,5900,82614,-0.06349206349206349
2020-06-16,5930,6500,5930,6200,79842,0.05084745762711873
2020-06-17,6110,6290,6030,6120,26799,-0.012903225806451646
2020-06-18,6050,6240,6050,6220,31312,0.016339869281045694
2020-06-19,6170,6310,6150,6210,28518,-0.001607717041800627
2020-06-22,6120,6200,5990,6020,27099,-0.03059581320450888
2020-06-23,5930,6150,5900,5950,66199,-0.011627906976744207
2020-06-24,5960,6090,5950,6050,40422,0.01680672268907557
2020-06-25,6020,6020,5800,6020,46944,-0.0049586776859503745
2020-06-26,6240,6240,5900,5950,20696,-0.011627906976744207
2020-06-29,5950,6010,5810,5830,16695,-0.020168067226890796
2020-06-30,5830,6320,5830,5880,85903,0.00857632933104635
2020-07-01,5880,5950,5850,5850,20074,-0.005102040816326481
2020-07-02,5850,5920,5780,5840,23122,-0.0017094017094017033
2020-07-03,5840,5980,5800,5920,16943,0.013698630136986356
2020-07-06,5990,5990,5850,5960,13993,0.006756756756756799
2020-07-07,5960,5990,5850,5930,22180,-0.005033557046979831
2020-07-08,5970,6160,5880,6070,48451,0.02360876897133224
2020-07-09,6100,6150,6070,6140,21728,0.011532125205930832
2020-07-10,6040,6150,6020,6140,21820,0.0
2020-07-13,6140,6200,6000,6070,17447,-0.01140065146579805
2020-07-14,6060,6140,5980,5990,16662,-0.01317957166392092
2020-07-15,5990,6090,5980,6030,19913,0.006677796327211993
2020-07-16,6180,6280,6090,6160,70917,0.021558872305140975
2020-07-17,6140,6260,6080,6120,31454,-0.00649350649350644
2020-07-20,6120,6150,6000,6100,19334,-0.0032679738562091387
2020-07-21,6040,6110,6000,6040,10321,-0.00983606557377048
2020-07-22,6000,6090,5990,5990,22726,-0.008278145695364225
2020-07-23,6080,6080,5800,5930,36156,-0.01001669449081799
2020-07-24,5950,5980,5760,5830,33341,-0.016863406408094472
2020-07-27,5790,5920,5790,5890,10846,0.010291595197255532
2020-07-28,5900,5990,5810,5890,24537,0.0
2020-07-29,5810,5930,5730,5760,30622,-0.022071307300509324
2020-07-30,5760,5850,5720,5750,17363,-0.0017361111111111605
2020-07-31,5740,5890,5730,5860,22991,0.019130434782608674
2020-08-03,5860,5950,5710,5790,34269,-0.011945392491467532
2020-08-04,5730,5950,5730,5840,24906,0.008635578583765069
2020-08-05,5930,6020,5830,6020,38155,0.03082191780821919
2020-08-06,6030,6180,6000,6060,47191,0.006644518272425293
2020-08-07,6060,6130,6010,6120,26286,0.00990099009900991
2020-08-10,6130,6350,6100,6240,70104,0.019607843137254832
2020-08-11,6420,6440,6240,6300,49713,0.009615384615384581
2020-08-12,6410,6410,6120,6250,54314,-0.007936507936507908
2020-08-13,6430,6630,6260,6630,152521,0.060799999999999965
2020-08-14,6660,6660,6440,6500,87762,-0.019607843137254943
2020-08-18,6500,6540,6000,6110,73150,-0.06000000000000005
2020-08-19,6270,6270,6070,6220,29929,0.018003273322422242
2020-08-20,6250,6390,6070,6190,51025,-0.004823151125401881
2020-08-21,6300,6340,6130,6260,22357,0.011308562197092087
2020-08-24,6380,6590,6170,6550,84053,0.0463258785942493
2020-08-25,6560,6640,6470,6630,52977,0.012213740458015376
2020-08-26,6630,6900,6530,6900,138718,0.040723981900452566
2020-08-27,6930,6950,6720,6790,64291,-0.01594202898550723
2020-08-28,6780,7120,6750,6910,172351,0.01767304860088359
2020-08-31,6940,7040,6870,6900,63659,-0.0014471780028944004
2020-09-01,6880,6990,6490,6900,62365,0.0
2020-09-02,6900,6910,6770,6770,37232,-0.018840579710144967
2020-09-03,6830,6870,6500,6620,34551,-0.02215657311669128
2020-09-04,6420,6520,6350,6410,35966,-0.031722054380664666
2020-09-07,6350,6690,6330,6680,42248,0.04212168486739465
2020-09-08,6680,7020,6680,6750,73739,0.010479041916167775
2020-09-09,6970,7490,6850,7180,468636,0.0637037037037036
2020-09-10,7210,7300,7080,7250,84397,0.009749303621169991
2020-09-11,7250,7250,7020,7140,46910,-0.015172413793103412
2020-09-14,7140,7300,7100,7190,42690,0.007002801120448154
2020-09-15,7140,7220,7110,7200,19494,0.0013908205841446364
2020-09-16,7290,7290,7120,7160,26013,-0.005555555555555536
2020-09-17,7250,7250,6880,7000,31385,-0.022346368715083775
2020-09-18,6850,6890,6690,6760,83227,-0.03428571428571425
2020-09-21,6760,6890,6400,6400,83891,-0.053254437869822535
2020-09-22,6350,6490,6060,6170,56872,-0.035937499999999956
2020-09-23,6180,6360,6020,6220,32356,0.008103727714748876
2020-09-24,6220,6500,6070,6100,110625,-0.019292604501607746
2020-09-25,6330,6380,5850,6030,51130,-0.011475409836065542
2020-09-28,6030,6130,6000,6030,19332,0.0
2020-09-29,6030,6170,6030,6150,31235,0.01990049751243772
2020-10-05,6160,6430,6060,6410,47607,0.042276422764227606
2020-10-06,6500,6990,6460,6700,109630,0.045241809672387
2020-10-07,6830,6830,6470,6630,34859,-0.010447761194029903
2020-10-08,6630,6710,6400,6600,33117,-0.004524886877828038
2020-10-12,6600,6900,6560,6720,33441,0.018181818181818077
2020-10-13,6720,6770,6640,6700,22345,-0.0029761904761904656
2020-10-14,6790,6790,6520,6570,12308,-0.0194029850746269
2020-10-15,6570,6650,6340,6400,26960,-0.025875190258751957
2020-10-16,6400,6440,6240,6300,32066,-0.015625
2020-10-19,6300,6680,6270,6430,61834,0.02063492063492056
2020-10-20,6470,6820,6440,6810,141558,0.059097978227060644
2020-10-21,6890,6890,6620,6740,36664,-0.01027900146842875
2020-10-22,6750,6760,6550,6680,21729,-0.008902077151335286
2020-10-23,6680,6750,6490,6600,22665,-0.0119760479041916
2020-10-26,6600,6800,6280,6280,26651,-0.048484848484848464
2020-10-27,6280,6530,6050,6240,28098,-0.006369426751592355
2020-10-28,6290,6430,6180,6430,13525,0.03044871794871784
2020-10-29,6570,6570,6230,6480,78503,0.007776049766718529
2020-10-30,6430,6550,6360,6450,13238,-0.00462962962962965
2020-11-02,6350,6600,6330,6450,13168,0.0
2020-11-03,6450,6600,6420,6570,21734,0.018604651162790642
2020-11-04,6650,6650,6480,6650,39203,0.0121765601217656
2020-11-05,6840,6840,6630,6780,71494,0.019548872180451093
2020-11-06,6720,6860,6670,6680,19035,-0.014749262536873142
2020-11-09,6740,6900,6730,6830,32680,0.022455089820359264
2020-11-10,6830,6870,6690,6820,24650,-0.0014641288433382416
2020-11-11,6820,6990,6690,6950,41092,0.019061583577712593
2020-11-12,6960,6990,6770,6840,24285,-0.015827338129496438
2020-11-13,6770,6840,6700,6720,16884,-0.01754385964912286
2020-11-16,6780,6780,6420,6490,86481,-0.034226190476190466
2020-11-17,6440,6490,6320,6380,49406,-0.016949152542372836
2020-11-18,6380,6510,6350,6510,47134,0.020376175548589393
2020-11-19,6440,6650,6440,6650,27513,0.021505376344086002
2020-11-20,6650,6860,6520,6860,63691,0.03157894736842115
2020-11-23,6860,6880,6580,6660,47838,-0.029154518950437303
2020-11-24,6690,6840,6650,6820,45570,0.024024024024023927
2020-11-25,6900,6950,6730,6840,56135,0.0029325513196480912
2020-11-26,6900,6900,6730,6830,14791,-0.0014619883040936088
2020-11-27,6860,6860,6670,6740,22312,-0.013177159590043952
2020-11-30,6820,7150,6740,7030,113593,0.04302670623145399
2020-12-01,6990,7100,6920,7050,29365,0.002844950213371167
2020-12-02,6990,7070,6810,6970,31506,-0.01134751773049647
2020-12-03,6940,7070,6930,7000,34665,0.004304160688665792
2020-12-04,6930,7070,6930,6950,31006,-0.0071428571428571175
2020-12-07,7180,7180,6780,6800,40642,-0.021582733812949617
2020-12-08,6800,7350,6700,6960,222656,0.0235294117647058
2020-12-09,6910,7050,6880,7000,30912,0.005747126436781658
2020-12-10,7000,7010,6830,6980,29720,-0.0028571428571428914
2020-12-11,6990,7020,6900,7010,28424,0.004297994269341077
2020-12-14,7010,8400,6890,7560,2461604,0.07845934379457908
2020-12-15,7540,7840,7290,7510,510541,-0.006613756613756627
2020-12-16,7510,7730,7430,7450,192885,-0.007989347536617841
2020-12-17,7520,7700,7400,7600,185507,0.020134228187919545
2020-12-18,7640,8090,7520,7780,534295,0.023684210526315752
2020-12-21,7780,7780,7520,7670,156809,-0.014138817480719768
2020-12-22,7600,7630,7250,7260,176564,-0.0534550195567145
2020-12-23,7260,7640,7260,7310,148604,0.00688705234159781
2020-12-24,7250,7400,7090,7110,89731,-0.02735978112175108
2020-12-28,7290,7290,7020,7040,83067,-0.009845288326300938
2020-12-29,7060,7380,7060,7280,33453,0.03409090909090917
2020-12-30,7280,7430,7270,7410,38741,0.017857142857142794
2021-01-04,7450,7450,7270,7400,44459,-0.0013495276653171517
2021-01-05,7390,7600,7380,7550,99068,0.020270270270270174
2021-01-06,7570,7680,7420,7550,69705,0.0
2021-01-07,7600,7600,7400,7510,57704,-0.005298013245033095
2021-01-08,7490,7520,7320,7340,98904,-0.022636484687083902
2021-01-11,7340,7350,7000,7140,105593,-0.027247956403269713
2021-01-12,7050,7250,7050,7190,45684,0.007002801120448154
2021-01-13,7190,7300,7150,7230,46177,0.0055632823365785455
2021-01-14,7270,7270,7140,7250,38866,0.0027662517289073207
2021-01-15,7370,7370,7130,7210,30864,-0.0055172413793103114
2021-01-18,7200,7200,6880,6880,99151,-0.04576976421636614
2021-01-19,6880,6970,6730,6920,69523,0.005813953488372103
2021-01-20,6920,7080,6850,7040,37656,0.01734104046242768
2021-01-21,7040,7200,6960,7160,65941,0.017045454545454586
2021-01-22,7090,7240,7040,7080,22971,-0.011173184357541888
2021-01-25,7070,7180,7050,7140,30459,0.008474576271186418
2021-01-26,7190,7200,7000,7000,36252,-0.019607843137254943
2021-01-27,7020,7300,6990,7230,69773,0.03285714285714292
2021-01-28,7230,7230,7060,7160,33349,-0.009681881051175623
2021-01-29,7270,7350,6920,7180,101093,0.0027932960893854997
2021-02-01,7180,7320,7010,7300,74172,0.01671309192200554
2021-02-02,7350,7890,7270,7890,354691,0.08082191780821923
2021-02-03,7850,7890,7450,7760,226010,-0.016476552598225558
2021-02-04,7690,7820,7460,7640,105398,-0.015463917525773141
2021-02-05,7650,7720,7600,7660,46760,0.002617801047120505
2021-02-08,7670,7720,7510,7590,59474,-0.009138381201044377
2021-02-09,7590,7740,7530,7610,50047,0.0026350461133068936
2021-02-10,7540,7650,7430,7650,52704,0.005256241787122251
2021-02-15,7650,8500,7650,8460,612150,0.10588235294117654
2021-02-16,8610,8620,7960,8040,346546,-0.049645390070921946
2021-02-17,7970,8220,7910,8070,122901,0.003731343283582156
2021-02-18,8030,8070,7940,7950,84818,-0.014869888475836479
2021-02-19,7950,8040,7700,8000,72510,0.0062893081761006275
2021-02-22,8000,8090,7950,8020,55206,0.0024999999999999467
2021-02-23,7850,8070,7710,8050,80492,0.0037406483790523026
2021-02-24,7860,8050,7450,7450,91517,-0.07453416149068326
2021-02-25,7700,7750,7220,7390,162375,-0.008053691275167751
2021-02-26,7340,7390,7020,7380,108247,-0.0013531799729363803
2021-03-02,7380,7400,7080,7120,45015,-0.035230352303523005
2021-03-03,7030,7240,7030,7240,41120,0.016853932584269593
2021-03-04,7080,7220,7080,7220,28010,-0.002762430939226568
2021-03-05,7180,7180,6970,7070,38798,-0.020775623268698085
2021-03-08,7070,7290,7000,7070,53108,0.0
2021-03-09,7010,7060,6800,6860,41330,-0.02970297029702973
2021-03-10,6880,6960,6680,6700,44312,-0.023323615160349864
2021-03-11,6790,6820,6680,6820,41808,0.017910447761193993
2021-03-12,6930,6960,6770,6910,31791,0.01319648093841641
2021-03-15,6940,7010,6890,6970,18788,0.00868306801736618
2021-03-16,7070,7070,6950,6990,18410,0.0028694404591105283
2021-03-17,7060,7060,6950,7010,19994,0.0028612303290413976
2021-03-18,7080,7080,6950,6990,19448,-0.0028530670470755526
2021-03-19,6990,6990,6860,6940,23945,-0.007153075822603716
2021-03-22,6970,7100,6810,6890,35304,-0.007204610951008661
2021-03-23,6840,6880,6700,6850,33536,-0.005805515239477477
2021-03-24,6840,6890,6750,6890,32004,0.005839416058394109
2021-03-25,6900,6900,6720,6820,33906,-0.010159651669085612
2021-03-26,6780,6840,6730,6800,18446,-0.0029325513196480912
2021-03-29,6940,6950,6760,6770,18170,-0.004411764705882337
2021-03-30,6860,7200,6690,7090,166978,0.04726735598227472
2021-03-31,7090,7180,6970,7140,45503,0.007052186177715081
2021-04-01,7140,7190,6960,7160,62718,0.0028011204481792618
2021-04-02,7130,7130,6980,7090,37812,-0.009776536312849138
2021-04-05,7090,7200,6950,7130,72232,0.005641748942172065
2021-04-06,7140,7400,7060,7340,84217,0.029453015427769902
2021-04-07,7380,7380,7180,7230,33200,-0.01498637602179842
2021-04-08,7200,7420,7150,7270,74252,0.0055325034578146415
2021-04-09,7270,7270,7150,7170,20169,-0.01375515818431916
2021-04-12,7370,7370,7090,7240,60569,0.009762900976290068
2021-04-13,7250,7250,7150,7230,21682,-0.0013812154696132284
2021-04-14,7230,7350,7150,7330,42009,0.013831258644536604
2021-04-15,7330,7350,7150,7150,35182,-0.024556616643929052
2021-04-16,7150,7230,7140,7220,34686,0.009790209790209836
2021-04-19,7240,7330,7120,7180,57409,-0.005540166204986097
2021-04-20,7140,7240,7090,7180,45063,0.0
2021-04-21,7180,7220,7000,7090,56018,-0.012534818941504211
2021-04-22,7070,7180,7040,7090,24918,0.0
2021-04-23,7030,7140,7000,7120,32038,0.004231311706629048
2021-04-26,7180,7180,7010,7030,36304,-0.012640449438202195
2021-04-27,7070,7090,6970,7080,44443,0.007112375533428139
2021-04-28,7080,7080,6880,6950,52393,-0.01836158192090398
2021-04-29,6950,7000,6800,6990,33359,0.0057553956834532904
2021-04-30,6990,7000,6850,6940,20279,-0.007153075822603716
2021-05-03,6940,7050,6880,6900,29460,-0.0057636887608069065
2021-05-04,7000,7000,6860,6950,30299,0.007246376811594235
2021-05-06,6950,7090,6900,6950,46688,0.0
2021-05-07,7020,7100,6950,7040,33891,0.012949640287769792
2021-05-10,7040,7170,7000,7150,39161,0.015625
2021-05-11,7130,7180,7000,7130,52545,-0.002797202797202747
2021-05-12,7100,7200,6990,7030,60932,-0.014025245441795287
2021-05-13,6900,7160,6870,7080,49131,0.007112375533428139
2021-05-14,7060,7100,6960,7000,32805,-0.011299435028248594
2021-05-17,6900,6950,6080,6080,340415,-0.13142857142857145
2021-05-18,6220,6880,5990,6210,248200,0.021381578947368363
2021-05-20,6160,6460,6100,6390,76259,0.02898550724637672
2021-05-21,6310,6390,6190,6290,40326,-0.015649452269170583
2021-05-24,6290,6400,6230,6400,33312,0.01748807631160565
2021-05-25,6310,6530,6310,6490,64126,0.014062500000000089
2021-05-26,6540,6570,6350,6490,49081,0.0
2021-05-27,6490,6600,6450,6520,9695,0.0046224961479199855
2021-05-28,6530,6580,6450,6450,10357,-0.010736196319018454
2021-05-31,6580,6600,6410,6530,25664,0.01240310077519391
2021-06-01,6560,6580,6480,6580,13012,0.007656967840734996
2021-06-02,6580,6810,6510,6770,40604,0.028875379939209633
2021-06-03,6740,6880,6700,6790,41457,0.002954209748892156
2021-06-04,6870,7220,6760,7100,171677,0.04565537555228283
2021-06-07,7110,8640,6950,7690,2395725,0.08309859154929566
2021-06-08,7760,7780,7250,7360,428640,-0.042912873862158696
2021-06-09,7280,7430,7200,7200,131722,-0.021739130434782594
2021-06-10,7190,7280,7060,7180,168647,-0.002777777777777768
2021-06-11,7150,7320,7130,7210,71464,0.00417827298050133
2021-06-14,7340,7340,7150,7150,83044,-0.00832177531206657
2021-06-15,7150,7240,7140,7240,45867,0.012587412587412583
2021-06-16,7200,7400,7200,7340,100710,0.013812154696132506
2021-06-17,7320,7370,7250,7350,41465,0.0013623978201635634
2021-06-18,7440,7440,7280,7340,40472,-0.0013605442176870541
2021-06-21,7340,7400,7110,7250,58493,-0.012261580381471404
2021-06-22,7250,7340,7190,7230,45425,-0.0027586206896551557
2021-06-23,7330,7330,7200,7250,34372,0.0027662517289073207
2021-06-24,7230,7330,7070,7080,57052,-0.02344827586206899
2021-06-25,7080,7150,7010,7080,25740,0.0
2021-06-28,7270,7270,7000,7060,30891,-0.0028248587570621764
2021-06-29,7090,7160,7050,7160,40799,0.014164305949008416
2021-06-30,7080,7260,7080,7160,32598,0.0
2021-07-01,7160,7160,7040,7160,38989,0.0
2021-07-02,7230,7230,7060,7200,33271,0.005586592178770999
2021-07-05,7250,7290,7100,7290,44080,0.012499999999999956
2021-07-06,7300,7590,7300,7450,172251,0.021947873799725626
2021-07-07,7520,7540,7350,7390,51090,-0.008053691275167751
2021-07-08,7390,7440,7040,7190,81121,-0.02706359945872805
2021-07-09,7150,7150,6930,7120,59418,-0.009735744089012566
2021-07-12,7110,7260,7100,7220,42714,0.014044943820224809
2021-07-13,7220,7390,7020,7250,28247,0.0041551246537396835
2021-07-14,7280,7440,7150,7360,48376,0.015172413793103523
2021-07-15,7420,7530,7380,7450,58403,0.012228260869565188
2021-07-16,7400,7500,7350,7410,33117,-0.005369127516778538
2021-07-19,7310,7420,7300,7370,27106,-0.005398110661268607
2021-07-20,7280,7410,7120,7230,57344,-0.018995929443690662
2021-07-21,7310,7400,7120,7120,36368,-0.015214384508990264
2021-07-22,7150,7220,7070,7100,36690,-0.002808988764044895
2021-07-23,7120,7260,7100,7100,43486,0.0
2021-07-26,7160,7220,7030,7060,26243,-0.005633802816901401
2021-07-27,7040,7140,7030,7050,20831,-0.0014164305949008194
2021-07-28,7040,7110,6890,6950,42661,-0.014184397163120588
2021-07-29,6950,6990,6910,6940,17669,-0.0014388489208633226
2021-07-30,7010,7020,6830,6900,25877,-0.0057636887608069065
2021-08-02,6850,6880,6570,6700,84767,-0.02898550724637683
2021-08-03,6730,6880,6570,6680,43956,-0.0029850746268657025
2021-08-04,6690,6810,6610,6810,21077,0.019461077844311392
2021-08-05,6840,6890,6780,6890,13226,0.011747430249632984
2021-08-06,6830,6970,6790,6910,20097,0.002902757619738683
2021-08-09,6940,6940,6810,6910,23537,0.0
2021-08-10,6910,6910,6650,6660,34109,-0.0361794500723589
2021-08-11,6660,6900,6660,6860,45474,0.03003003003003002
2021-08-12,6890,6890,6730,6740,16410,-0.017492711370262426
2021-08-13,6740,6790,6380,6700,52466,-0.005934718100890191
2021-08-17,6590,6600,6350,6430,61436,-0.040298507462686595
2021-08-18,6350,6450,6310,6450,21183,0.0031104199066873672
2021-08-19,6410,6450,6230,6300,29686,-0.023255813953488413
2021-08-20,6300,6350,6160,6180,68572,-0.01904761904761909
2021-08-23,6150,6300,6090,6260,19711,0.012944983818770295
2021-08-24,6280,6350,6270,6320,10874,0.009584664536741228
2021-08-25,6340,6350,6160,6320,14204,0.0
2021-08-26,6480,6480,6280,6390,14628,0.011075949367088667
2021-08-27,6390,6400,6260,6400,13164,0.0015649452269170805
2021-08-30,6400,6530,6360,6520,6449,0.018750000000000044
2021-08-31,6520,6610,6310,6560,18367,0.006134969325153339
2021-09-01,6560,6620,6500,6520,6805,-0.0060975609756097615
2021-09-02,6520,6530,6430,6530,13559,0.0015337423312884457
2021-09-03,6530,6550,6420,6530,22065,0.0
2021-09-06,6460,6570,6410,6410,29941,-0.018376722817764146
2021-09-07,6410,6520,6130,6470,14937,0.009360374414976613
2021-09-08,6400,6460,6250,6310,24270,-0.02472952086553326
2021-09-09,6190,6380,5950,6380,31825,0.011093502377178988
2021-09-10,6470,6470,6040,6210,35273,-0.026645768025078342
2021-09-13,6210,6290,6000,6190,16346,-0.0032206119162641045
2021-09-14,6160,6270,6150,6190,9044,0.0
2021-09-15,6210,6260,6190,6250,6525,0.009693053311793154
2021-09-16,6200,6240,6120,6130,8555,-0.019199999999999995
2021-09-17,6130,6210,6030,6210,19743,0.013050570962479524
2021-09-23,6120,6290,6060,6060,18525,-0.024154589371980673
2021-09-24,6070,6170,5980,6130,12659,0.011551155115511635
2021-09-27,6140,6160,6000,6040,9842,-0.014681892332789603
2021-09-28,6040,6070,5920,5930,26008,-0.018211920529801362
2021-09-29,5950,5950,5730,5900,28605,-0.005059021922428353
2021-09-30,5880,6020,5810,5930,9328,0.005084745762711895
2021-10-01,5780,5900,5720,5810,14650,-0.0202360876897133
2021-10-05,5700,5820,5580,5590,28688,-0.03786574870912218
2021-10-06,5520,5780,5400,5450,45016,-0.025044722719141377
2021-10-07,5360,5580,5350,5580,37096,0.023853211009174258
2021-10-08,5580,5750,5500,5670,18489,0.016129032258064502
2021-10-12,5660,5660,5450,5510,13401,-0.02821869488536155
2021-10-13,5450,6020,5450,5600,28127,0.016333938294010864
2021-10-14,5610,5800,5610,5700,11787,0.017857142857142794
2021-10-15,5880,5880,5700,5760,11561,0.010526315789473717
2021-10-18,5780,5960,5730,5950,17796,0.03298611111111116
2021-10-19,5760,6040,5760,5900,25613,-0.008403361344537785
2021-10-20,5850,5990,5850,5940,8180,0.006779661016949046
2021-10-21,6030,6030,5770,5960,18215,0.0033670033670034627
2021-10-22,5960,6030,5800,5960,9629,0.0
2021-10-25,5850,6080,5830,6080,10061,0.020134228187919545
2021-10-26,6100,6170,6010,6140,13444,0.009868421052631637
2021-10-27,6050,6170,6010,6040,15685,-0.016286644951140072
2021-10-28,6040,6150,5990,6100,3329,0.009933774834437026
2021-10-29,6170,6170,6010,6100,4888,0.0
2021-11-01,6100,6230,6040,6230,14726,0.021311475409836023
2021-11-02,6230,6460,5940,6400,45606,0.02728731942215079
2021-11-03,6400,6570,6370,6550,79427,0.0234375
2021-11-04,6550,6930,6530,6930,113336,0.05801526717557248
2021-11-05,7300,7350,6120,6160,407931,-0.11111111111111116
2021-11-08,6160,6230,5980,6100,40621,-0.009740259740259716
2021-11-09,6110,6310,6110,6160,19825,0.009836065573770592
2021-11-10,6170,6250,5990,6030,16955,-0.02110389610389607
2021-11-11,6030,6070,5900,5910,24088,-0.01990049751243783
2021-11-12,6290,6390,6000,6070,28655,0.027072758037224975
2021-11-15,6340,6340,6110,6260,23938,0.0313014827018121
2021-11-16,6130,6310,6080,6250,14630,-0.0015974440894568342
2021-11-17,6130,6320,6130,6310,23883,0.009600000000000053
2021-11-18,6270,6500,6240,6490,33078,0.028526148969889142
2021-11-19,6540,6590,6330,6590,33211,0.015408320493066174
2021-11-22,6470,6850,6470,6800,60856,0.03186646433990892
2021-11-23,6800,6850,6660,6660,31289,-0.020588235294117685
2021-11-24,6560,6790,6560,6680,12730,0.0030030030030030463
2021-11-25,6770,6810,6610,6700,22206,0.0029940119760478723
2021-11-26,6890,6890,6400,6600,26450,-0.014925373134328401
2021-11-29,6350,6690,6260,6290,78623,-0.046969696969696995
2021-11-30,6480,6480,5990,6190,28679,-0.015898251192368873
2021-12-01,5980,6220,5960,6220,10201,0.004846526655896577
2021-12-02,6160,6240,6010,6220,14632,0.0
2021-12-03,6200,6390,6150,6320,9322,0.016077170418006492
2021-12-06,6320,6390,6200,6390,11461,0.011075949367088667
2021-12-07,6340,6460,6330,6410,19983,0.003129890453834161
2021-12-08,6440,6450,6360,6420,11786,0.0015600624024960652
2021-12-09,6420,6490,6310,6420,8331,0.0
2021-12-10,6400,6460,6310,6420,15832,0.0
2021-12-13,6360,6530,6360,6510,18661,0.014018691588784993
2021-12-14,6570,6640,6460,6630,22573,0.018433179723502224
2021-12-15,6540,6670,6540,6660,13431,0.004524886877828038
