Date,Open,High,Low,Close,Volume,Change
2018-03-26,13872,13997,13839,13984,1297,
2018-03-27,14105,14105,14016,14061,45316,0.005506292906178434
2018-03-28,13877,13887,13805,13831,17,-0.016357300334257863
2018-03-29,13853,14016,13853,14017,24,0.01344805147856265
2018-03-30,14097,14120,14036,14037,257,0.0014268388385532127
2018-04-02,14135,14149,13969,13970,290,-0.004773099665170588
2018-04-03,13882,13959,13830,13960,181,-0.0007158196134574579
2018-04-04,14021,14021,13781,13783,103,-0.012679083094555899
2018-04-05,13920,13969,13920,13970,51,0.013567438148443633
2018-04-06,13892,13930,13776,13883,62,-0.006227630637079429
2018-04-09,13959,13959,13959,13960,1,0.005546351653100912
2018-04-10,13997,13997,13997,13999,1,0.0027936962750716443
2018-04-11,13949,13964,13949,13965,10,-0.002428744910350722
2018-04-12,14007,14007,14007,14007,1,0.003007518796992459
2018-04-13,14026,14026,14026,14027,1,0.0014278574998214388
2018-04-16,13987,14054,13987,14056,101,0.002067441363085454
2018-04-17,14059,14064,14011,14032,10,-0.0017074558907228532
2018-04-18,14164,14207,14164,14171,54,0.009905929304447003
2018-04-19,14168,14240,14168,14243,70,0.005080798814480314
2018-04-20,14164,14164,14125,14128,5,-0.008074141683634073
2018-04-23,14110,14110,14110,14113,1,-0.001061721404303495
2018-04-24,14021,14021,14021,14022,1,-0.006447955785445991
2018-04-25,13940,13940,13940,13940,1,-0.005847953216374324
2018-04-26,14135,14144,14135,14146,2,0.014777618364419043
2018-04-27,14254,14259,14254,14262,21,0.00820019793581217
2018-04-30,14264,14364,14264,14367,37,0.00736222128733699
2018-05-02,14312,14312,14312,14314,1,-0.003689009535741583
2018-05-03,14249,14249,14235,14238,3,-0.005309487215313657
2018-05-04,14130,14130,14082,14084,117,-0.010816125860373615
2018-05-08,13944,13944,13944,13945,1,-0.009869355296790672
2018-05-09,13969,13969,13969,13970,1,0.0017927572606668551
2018-05-10,14031,14031,14031,14032,1,0.0044380816034359505
2018-05-11,14082,14125,14082,14128,2,0.0068415051311288
2018-05-14,14092,14092,14069,14070,2,-0.0041053227633068845
2018-05-15,13982,13982,13982,13984,1,-0.006112295664534417
2018-05-16,13982,14016,13982,14017,2,0.002359839816933551
2018-05-17,13972,13972,13972,13974,1,-0.0030677035028893185
2018-05-18,14026,14026,14026,14027,1,0.0037927579791039445
2018-05-21,14069,14069,14069,14070,1,0.0030655165038853127
2018-05-23,14159,14159,14159,14161,1,0.006467661691542226
2018-05-24,14105,14110,14105,14113,2,-0.0033895911305699133
2018-05-25,14144,14144,14144,14146,1,0.002338269680436378
2018-05-28,14149,14216,14149,14218,71,0.005089778029124803
2018-05-29,14078,14078,14078,14079,1,-0.009776339850893212
2018-05-30,13843,13843,13843,13845,1,-0.0166204986149584
2018-05-31,13843,13863,13843,13865,2,0.0014445648248464504
2018-06-01,13972,13972,13972,13974,1,0.007861521817526196
2018-06-04,14011,14016,14011,14017,2,0.003077143266065452
2018-06-05,14016,14054,14016,14056,2,0.0027823357351786093
2018-06-07,14182,14182,14144,14146,2,0.006402959590210644
2018-06-08,14101,14101,14026,14027,2,-0.008412272020359102
2018-06-11,14064,14115,14064,14118,2,0.006487488415199305
2018-06-12,14144,14144,14115,14118,2,0.0
2018-06-14,13987,13987,13882,13883,2,-0.016645417197903356
2018-06-15,13830,13830,13791,13793,3,-0.00648274868544263
2018-06-18,13734,13734,13576,13583,46,-0.01522511418835637
2018-06-19,13576,13576,13394,13396,3,-0.013767209011264048
2018-06-20,13504,13556,13504,13559,2,0.012167811286951435
2018-06-21,13494,13494,13422,13425,2,-0.009882734714949493
2018-06-22,13308,13509,13288,13511,116,0.0064059590316574155
2018-06-25,13385,13542,13370,13487,21,-0.0017763303974539513
2018-06-26,13456,13528,13432,13530,3,0.0031882553570103944
2018-06-27,13556,13556,13499,13501,2,-0.0021433850702143875
2018-06-28,13370,13370,13327,13329,2,-0.012739797052070179
2018-06-29,13264,13403,13264,13406,2,0.005776877485182741
2018-07-02,13346,13346,13093,13095,2,-0.023198567805460257
2018-07-03,13103,13141,13002,13143,3,0.003665521191294374
2018-07-04,13150,13150,13088,13091,3,-0.003956478733926794
2018-07-05,13016,13026,13016,13028,2,-0.004812466580093155
2018-07-06,13069,13145,13064,13148,3,0.009210930303960696
2018-07-09,13145,13231,13123,13233,3,0.00646486157590509
2018-07-10,13236,13251,13236,13247,5,0.0010579611577117287
2018-07-11,13056,13150,13056,13153,2,-0.007095946251981622
2018-07-12,13150,13207,13150,13210,2,0.004333612103702533
2018-07-13,13370,13370,13360,13363,2,0.011582134746404238
2018-07-16,13355,13355,13288,13291,2,-0.00538801167402525
2018-07-17,13241,13264,13241,13267,2,-0.001805733202919324
2018-07-18,13336,13336,13236,13238,5,-0.0021858747267656797
2018-07-19,13260,13260,13207,13210,2,-0.0021151231303822016
2018-07-20,13241,13241,13236,13238,2,0.002119606358819137
2018-07-23,13145,13145,13046,13046,4,-0.014503701465478192
2018-07-24,13036,13103,13036,13104,2,0.004445807143952152
2018-07-25,13056,13064,13056,13066,2,-0.0028998778998778896
2018-07-26,13127,13155,13127,13158,2,0.007041175570182245
2018-07-27,13155,13198,13155,13200,3,0.0031919744642043835
2018-07-30,13165,13180,13165,13180,2,-0.0015151515151514694
2018-07-31,13170,13203,13170,13205,2,0.0018968133535659515
2018-08-01,13304,13304,13270,13272,2,0.005073835668307547
2018-08-02,13252,13252,13064,13066,5,-0.015521398432790878
2018-08-03,13078,13150,13078,13148,4,0.006275830399510074
2018-08-06,13185,13185,13113,13113,2,-0.002662001825372684
2018-08-07,13123,13198,13123,13200,2,0.006634637382749942
2018-08-08,13232,13232,13190,13190,225002,-0.0007575757575757347
2018-08-09,13160,13190,13160,13190,2,0.0
2018-08-10,13073,13073,13064,13066,2,-0.009401061410159173
2018-08-13,12939,12939,12850,12850,3,-0.016531455686514596
2018-08-14,12922,12935,12922,12937,2,0.006770428015564267
2018-08-16,12706,12810,12706,12813,2,-0.009584911494164072
2018-08-17,12859,12859,12845,12845,2,0.0024974635136190138
2018-08-20,12859,12859,12797,12840,32,-0.0003892565200467324
2018-08-21,12872,13006,12872,13009,2,0.01316199376947047
2018-08-22,13060,13060,13041,13041,2,0.0024598354985010396
2018-08-23,13051,13083,13051,13086,2,0.003450655624568588
2018-08-24,13051,13145,13051,13148,2,0.004737887819043163
2018-08-27,13194,13232,13194,13233,2,0.00646486157590509
2018-08-28,13247,13299,13217,13220,13,-0.0009823925035895575
2018-08-29,13227,13265,13227,13267,2,0.003555219364599127
2018-08-30,13337,13337,13284,13287,2,0.0015074998115625071
2018-08-31,13242,13332,13242,13334,2,0.0035372920900127447
2018-09-03,13314,13314,13265,13267,2,-0.00502474876256187
2018-09-04,13294,13342,13294,13344,2,0.005803874274515675
2018-09-05,13294,13294,13175,13176,44807,-0.01258992805755399
2018-09-06,13131,13131,13131,13133,1,-0.003263509411050358
2018-09-07,13056,13073,13011,13076,3,-0.004340211680499473
2018-09-10,13069,13093,13069,13095,2,0.0014530437442643596
2018-09-11,13127,13127,13064,13066,2,-0.002214585719740314
2018-09-12,13078,13078,13011,13071,3,0.0003826725853359747
2018-09-13,13103,13103,13083,13086,2,0.0011475786091348361
2018-09-14,13270,13280,13270,13282,2,0.014977838911814256
2018-09-17,13242,13242,13198,13200,2,-0.00617376901069111
2018-09-18,13190,13247,13190,13247,2,0.003560606060606153
2018-09-19,13242,13252,13242,13252,2,0.0003774439495733972
2018-09-20,13309,13361,13309,13358,4,0.00799879263507397
2018-09-21,13399,13399,13386,13386,2,0.0020961221739781433
2018-09-27,13399,13515,13399,13516,4,0.009711639025847818
2018-09-28,13505,13505,13438,13439,2,-0.0056969517608760345
2018-10-01,13414,13433,13414,13434,2,-0.0003720514919264284
2018-10-02,13414,13414,13247,13247,2,-0.01391990471936877
2018-10-04,13123,13123,13031,13032,2,-0.016230089831659966
2018-10-05,13041,13041,12959,13014,3,-0.0013812154696132284
2018-10-08,12989,12993,12944,12947,7,-0.005148301828799773
2018-10-10,12902,12902,12815,12818,2,-0.009963698154012546
2018-10-11,12538,12538,12265,12267,23,-0.042986425339366474
2018-10-12,12366,12480,12366,12483,2,0.01760821716801164
2018-10-15,12385,12385,12337,12339,2,-0.011535688536409516
2018-10-16,12413,12413,12346,12349,2,0.0008104384471998571
2018-10-17,12552,12552,12519,12520,2,0.013847275083002764
2018-10-18,12476,12476,12389,12391,2,-0.010303514376996836
2018-10-19,12289,12443,12289,12444,1003,0.004277298038899202
2018-10-22,12366,12495,12366,12496,2,0.004178720668595259
2018-10-23,12289,12289,12131,12133,2,-0.029049295774647876
2018-10-24,12193,12193,12074,12076,30002,-0.00469793126184781
2018-10-25,11843,11853,11816,11856,6,-0.01821795296455775
2018-10-26,11826,11826,11700,11702,2,-0.012989203778677516
2018-10-29,11791,11791,11562,11573,35002,-0.01102375662279953
2018-10-30,11672,11672,11638,11640,2,0.0057893372504969065
2018-10-31,11662,11682,11662,11682,2,0.0036082474226803996
2018-11-01,11744,11754,11662,11665,122,-0.0014552302687895757
2018-11-02,11892,12103,11892,12104,10002,0.037633947706815274
2018-11-05,11910,11964,11910,11965,2,-0.011483807005948421
2018-11-06,12007,12045,12007,12047,1001,0.0068533221897200125
2018-11-07,12108,12108,11987,11990,563,-0.004731468415373086
2018-11-08,12217,12217,12121,12123,27,0.011092577147623128
2018-11-09,12074,12074,12017,12027,20003,-0.007918831972284046
2018-11-12,12026,12026,12012,12012,2,-0.00124719381391869
2018-11-13,11772,11969,11772,11970,24003,-0.0034965034965035446
2018-11-14,11883,11888,11883,11888,2,-0.00685045948203844
2018-11-15,11892,12041,11892,12042,3,0.01295423956931363
2018-11-16,12045,12059,12045,12061,2,0.0015778109948514363
2018-11-19,12074,12121,12074,12123,2,0.00514053561064598
2018-11-20,11955,11982,11955,11965,20002,-0.013033077621050881
2018-11-21,11786,11910,11776,11913,3,-0.0043460091934809375
2018-11-22,11920,11920,11902,11903,2,-0.0008394191219676106
2018-11-23,11902,11902,11868,11870,2,-0.0027724103167269254
2018-11-26,11897,11997,11897,11999,11,0.010867733782645272
2018-11-27,12012,12108,12012,12109,2,0.009167430619218209
2018-11-28,12108,12170,12108,12171,2,0.0051201585597489
2018-11-29,12237,12270,12141,12171,5024,0.0
2018-11-30,12175,12175,12059,12061,2,-0.009037876920548804
2018-12-03,12242,12284,12242,12285,5002,0.018572257690075533
2018-12-04,12188,12188,12155,12156,2,-0.010500610500610463
2018-12-05,12026,12064,12026,12052,15002,-0.008555445870352063
2018-12-06,11987,11987,11863,11883,5,-0.014022568868237606
2018-12-07,11950,12002,11950,11975,41716,0.0077421526550534026
2018-12-10,11796,11811,11796,11811,2,-0.013695198329853886
2018-12-11,11763,11776,11763,11779,102,-0.002709338752010848
2018-12-12,11897,11959,11897,11960,2,0.015366329909160426
2018-12-13,11950,11997,11950,11999,2,0.003260869565217428
2018-12-14,11868,11868,11796,11807,5,-0.016001333444453758
2018-12-17,11821,11853,11821,11856,5,0.004150080460743721
2018-12-18,11826,11826,11791,11794,2,-0.005229419703103866
2018-12-19,11835,11906,11835,11908,2,0.009665931829743846
2018-12-20,11843,11843,11786,11789,2,-0.009993281827342937
2018-12-21,11786,11786,11781,11784,2,-0.0004241241835609699
2018-12-24,11724,11791,11724,11794,4,0.0008486082824168406
2018-12-26,11682,11682,11657,11660,2,-0.01136170934373415
2018-12-27,11853,11853,11739,11816,102,0.013379073756432325
2018-12-28,11888,11888,11868,11870,2,0.004570074475287678
2019-01-02,11940,11940,11709,11712,2,-0.01331086773378265
2019-01-03,11629,11629,11575,11578,2,-0.011441256830601043
2019-01-04,11538,11687,11538,11668,6165,0.007773363275177081
2019-01-07,11843,11906,11839,11841,452,0.014826876928351052
2019-01-08,11863,11863,11767,11769,2,-0.006080567519635149
2019-01-09,11892,11992,11892,11994,2,0.019118021921998407
2019-01-10,11992,12007,11950,12009,1006,0.001250625312656295
2019-01-11,12054,12079,12054,12080,104,0.005912232492297553
2019-01-14,12041,12041,11973,11975,5,-0.008692052980132425
2019-01-15,12084,12170,12074,12128,45039,0.012776617954070923
2019-01-16,12131,12183,12131,12185,104,0.004699868073878566
2019-01-17,12280,12280,12208,12252,42,0.005498563807960544
2019-01-18,12304,12342,12265,12344,8,0.007508978126020249
2019-01-21,12299,12337,12289,12290,3,-0.0043745949449125465
2019-01-22,12247,12294,12247,12295,2,0.00040683482506098656
2019-01-23,12270,12322,12260,12324,20001,0.0023586823912158383
2019-01-24,12327,12448,12299,12420,30022,0.00778967867575453
2019-01-25,12519,12662,12519,12664,5119,0.019645732689210993
2019-01-28,12701,12701,12662,12697,3,0.0026058117498419797
2019-01-29,12587,12725,12587,12726,3,0.002284004095455705
2019-01-30,12763,12872,12748,12850,57,0.00974383152600966
2019-01-31,12922,12922,12887,12899,10003,0.003813229571984378
2019-02-01,12897,12897,12864,12865,2,-0.0026358632452128106
2019-02-07,12864,12902,12845,12845,4,-0.001554605518849561
2019-02-08,12743,12743,12711,12711,2,-0.010432074737251829
2019-02-11,12696,12730,12696,12731,3,0.001573440327275577
2019-02-12,12801,12815,12758,12760,13,0.002277904328018332
2019-02-13,12859,12859,12859,12860,2,0.00783699059561127
2019-02-14,12773,12922,12773,12922,5,0.004821150855365497
2019-02-15,12855,12855,12763,12818,4,-0.008048289738430636
2019-02-18,12926,12949,12907,12907,10,0.006943360898736151
2019-02-19,12877,12882,12877,12885,2,-0.001704501433330785
2019-02-20,12964,13016,12926,13019,14,0.01039968956150572
2019-02-21,12974,13016,12974,13019,4,0.0
2019-02-22,12974,13041,12974,13041,3,0.0016898379291805377
2019-02-25,13031,13051,13006,13009,9,-0.0024537995552488256
2019-02-26,13060,13060,13011,13014,33902,0.0003843492966408846
2019-02-27,13041,13060,13041,13061,3,0.003611495312740187
2019-02-28,12993,12993,12830,12832,102,-0.017533113850394355
2019-03-04,12907,12907,12801,12803,2,-0.0022599750623440995
2019-03-05,12706,12743,12634,12697,504,-0.008279309536827317
2019-03-06,12696,12696,12671,12674,2,-0.0018114515239819884
2019-03-07,12711,12711,12624,12626,2,-0.0037872810478144503
2019-03-08,12523,12523,12480,12487,3,-0.011009028987802982
2019-03-11,12376,12476,12376,12478,2,-0.0007207495795626961
2019-03-12,12595,12634,12595,12635,2,0.012582144574450949
2019-03-13,12438,12567,12438,12568,2,-0.005302730510486797
2019-03-14,12552,12562,12552,12563,2,-0.00039783577339269627
2019-03-15,12609,12662,12605,12659,35003,0.007641486905993755
2019-03-18,12671,12686,12671,12689,3,0.0023698554388182913
2019-03-19,12662,12662,12662,12664,1,-0.001970210418472673
2019-03-20,12567,12658,12523,12659,105,-0.00039481996209733694
2019-03-21,12840,12840,12730,12731,5002,0.005687653053163766
2019-03-22,12830,12830,12734,12798,10002,0.0052627444819730584
2019-03-25,12567,12572,12515,12545,5,-0.019768713861540887
2019-03-26,12552,12572,12552,12554,7,0.0007174172977282289
2019-03-27,12466,12533,12466,12535,2,-0.001513461844830366
2019-03-28,12418,12456,12418,12458,2,-0.006142800159553263
2019-03-29,12443,12528,12443,12530,102,0.0057794188473270225
2019-04-01,12686,12686,12686,12689,2,0.012689545091779664
2019-04-02,12691,12743,12691,12746,2,0.004492079754117695
2019-04-03,12792,12907,12792,12907,2,0.01263141377687127
2019-04-04,12930,12949,12930,12937,3,0.0023243201363600807
2019-04-05,12969,12969,12959,12961,2,0.0018551441601608598
2019-04-08,12974,12974,12922,12922,2,-0.0030090270812437314
2019-04-09,12897,12984,12897,12984,201,0.004798018882525845
2019-04-10,12867,12993,12867,12994,136,0.0007701786814540146
2019-04-11,13031,13031,12993,13009,3,0.001154378944127954
2019-04-12,13002,13041,13002,13041,2,0.0024598354985010396
2019-04-15,13056,13108,13056,13109,109,0.005214324054903852
2019-04-16,13031,13136,13031,13138,101,0.0022122206117933807
2019-04-17,13145,13145,13141,13143,2,0.0003805754300503228
2019-04-18,13098,13098,12902,12927,3,-0.016434603971695938
2019-04-19,12993,12993,12964,12965,2,0.0029395838168175814
2019-04-22,12997,12997,12939,12942,26,-0.0017740069417663262
2019-04-23,12944,12964,12944,12965,2,0.0017771596352960106
2019-04-24,12959,12959,12792,12827,10012,-0.010644041650597735
2019-04-25,12835,12835,12805,12808,77,-0.0014812504872534493
2019-04-26,12696,12730,12696,12731,2,-0.006011867582760733
2019-04-29,12793,12968,12793,12968,3,0.018615976749666086
2019-04-30,12857,12905,12857,12896,12,-0.005552128315854388
2019-05-02,12925,12938,12925,12940,2,0.00341191066997526
2019-05-03,12837,12837,12837,12837,1,-0.007959814528593512
2019-05-07,12701,12725,12628,12726,60001,-0.008646880112175737
2019-05-08,12648,12691,12648,12692,2,-0.0026716957410026776
2019-05-09,12580,12580,12249,12338,25004,-0.027891585250551576
2019-05-10,12361,12361,12230,12333,5003,-0.00040525206678554415
2019-05-13,12143,12279,12143,12158,2748,-0.01418957269115384
2019-05-14,12104,12148,12104,12148,2,-0.0008225037012666858
2019-05-15,12186,12220,12186,12221,2,0.006009219624629525
2019-05-16,12157,12157,12050,12052,3,-0.013828655592831973
2019-05-17,12128,12128,11987,11989,3,-0.005227348157982092
2019-05-20,12104,12104,11973,11974,21,-0.0012511468846442275
2019-05-21,12021,12113,12021,12052,10,0.006514113913479225
2019-05-22,12050,12070,12050,12071,2,0.0015765018254232377
2019-05-23,12026,12036,12026,12037,2,-0.0028166680473863392
2019-05-24,11954,11954,11924,11925,2,-0.00930464401428932
2019-05-27,11949,11949,11939,11944,3,0.0015932914046121738
2019-05-28,11944,11973,11944,11974,2,0.0025117213663763405
2019-05-29,11895,11895,11803,11804,5001,-0.014197427760146986
2019-05-30,11851,11905,11851,11906,2,0.008641138597085707
2019-05-31,11837,11914,11837,11916,12,0.0008399126490845621
2019-06-03,11939,12104,11939,12105,3,0.015861027190332333
2019-06-04,12085,12085,12080,12080,5,-0.0020652622883106098
2019-06-05,12118,12118,12070,12071,17,-0.0007450331125827825
2019-06-07,12026,12143,12026,12100,79,0.002402452158064783
2019-06-10,12196,12245,12157,12246,338,0.012066115702479285
2019-06-11,12249,12317,12249,12318,417,0.005879470847623747
2019-06-12,12337,12342,12274,12275,166,-0.0034908264328624705
2019-06-13,12138,12245,12138,12246,5002,-0.0023625254582484434
2019-06-14,12118,12211,12118,12173,124,-0.005961130164951811
2019-06-17,12152,12162,12152,12163,2,-0.0008214901831923305
2019-06-18,12216,12216,12206,12207,2,0.0036175285702539917
2019-06-19,12317,12371,12317,12372,54,0.013516834603096495
2019-06-20,12376,12419,12376,12420,514,0.0038797284190106307
2019-06-21,12395,12410,12361,12362,107,-0.004669887278582974
2019-06-24,12395,12424,12381,12381,10,0.0015369681281345304
2019-06-25,12385,12419,12361,12362,85,-0.001534609482271243
2019-06-26,12356,12361,12356,12362,2,0.0
2019-06-27,12395,12521,12395,12469,716,0.008655557353179022
2019-06-28,12477,12477,12439,12444,12,-0.00200497233138186
2019-07-01,12531,12536,12463,12464,10092,0.0016072002571521082
2019-07-02,12419,12419,12400,12401,3,-0.005054557124518633
2019-07-03,12303,12303,12230,12241,4,-0.012902185307636427
2019-07-04,12293,12322,12293,12323,2,0.006698799117719201
2019-07-05,12332,12332,12313,12314,2,-0.0007303416375882277
2019-07-08,12216,12216,12075,12076,2,-0.019327594607763565
2019-07-09,12060,12060,12012,12012,2,-0.005299768135144101
2019-07-10,12089,12089,12065,12066,2,0.004495504495504399
2019-07-11,12113,12225,12113,12226,2,0.013260401127134003
2019-07-12,12211,12216,12211,12216,2,-0.0008179290037624298
2019-07-15,12143,12211,12143,12212,2,-0.0003274394237066103
2019-07-16,12201,12269,12201,12270,2,0.0047494267933181344
2019-07-17,12133,12167,12133,12168,2,-0.008312958435207851
2019-07-18,12123,12123,12123,12124,2,-0.0036160420775805946
2019-07-19,12225,12303,12225,12304,2,0.014846585285384295
2019-07-22,12288,12308,12288,12309,4,0.0004063719115734443
2019-07-23,12303,12376,12293,12343,8,0.002762206515557697
2019-07-24,12337,12356,12235,12236,4,-0.008668881147208984
2019-07-25,12181,12216,12181,12192,3,-0.0035959463877084374
2019-07-26,12148,12167,12148,12168,3,-0.0019685039370078705
2019-07-29,12021,12021,11963,11964,2,-0.0167652859960552
2019-07-30,11934,12017,11934,12017,2,0.004429956536275537
2019-07-31,11846,11958,11846,11906,12,-0.009236914371307359
2019-08-01,11798,11876,11798,11877,15,-0.0024357466823450302
2019-08-02,11745,11764,11745,11755,3,-0.01027195419718785
2019-08-05,11604,11604,11435,11435,2,-0.027222458528285864
2019-08-06,11317,11317,11254,11256,2,-0.015653694796676887
2019-08-07,11254,11254,11216,11216,5,-0.003553660270078196
2019-08-08,11249,11284,11249,11284,5017,0.006062767475035757
2019-08-09,11375,11375,11375,11377,2,0.008241758241758212
2019-08-12,11415,11415,11395,11397,2,0.0017579326711787413
2019-08-13,11317,11317,11279,11279,2,-0.010353601825041636
2019-08-14,11352,11352,11352,11352,2,0.006472204982711283
2019-08-16,11231,11299,11231,11299,2,-0.004668780831571517
2019-08-19,11289,11367,11289,11367,2,0.006018231701920618
2019-08-20,11385,11511,11385,11513,3,0.012844198117357264
2019-08-21,11493,11536,11493,11537,2,0.0020846000173717627
2019-08-22,11502,11502,11473,11473,2,-0.005547369333448904
2019-08-23,11425,11443,11425,11445,2,-0.0024405125076265577
2019-08-26,11211,11249,11211,11251,2,-0.01695063346439496
2019-08-27,11289,11289,11269,11270,2,0.0016887387787751784
2019-08-28,11284,11405,11284,11405,2,0.011978704525288375
2019-08-29,11357,11357,11357,11357,2,-0.004208680403331888
2019-08-30,11448,11561,11448,11561,2,0.017962490094215022
2019-09-02,11556,11570,11556,11571,2,0.0008649770781075095
2019-09-03,11566,11566,11526,11528,26,-0.0037161870192723434
2019-09-04,11521,11657,11521,11659,2,0.011363636363636465
2019-09-05,11697,11803,11697,11804,89,0.012436744146153256
2019-09-06,11842,11842,11832,11833,2,0.0024567943070146203
2019-09-09,11827,11919,11827,11916,17,0.00701428209245325
2019-09-10,11954,11977,11924,11979,3,0.005287009063444037
2019-09-11,12002,12060,12002,12061,4,0.00684531263043664
2019-09-16,12075,12109,12075,12110,11,0.004062681369704002
2019-09-17,12118,12118,12118,12120,2,0.0008257638315440907
2019-09-18,12109,12177,12109,12178,2,0.004785478547854716
2019-09-19,12264,12264,12245,12246,2,0.005583839710954219
2019-09-20,12245,12313,12245,12314,3,0.005552833578311267
2019-09-23,12313,12313,12308,12309,2,-0.0004060419035244456
2019-09-24,12283,12351,12283,12352,3,0.003493378828499427
2019-09-25,12254,12254,12177,12178,2,-0.01408678756476689
2019-09-26,12191,12191,12191,12192,2,0.0011496140581375158
2019-09-27,12138,12138,12104,12105,2,-0.007135826771653586
2019-09-30,12113,12177,12089,12178,14,0.006030565881866901
2019-10-01,12109,12230,12109,12231,11,0.004352110362949579
2019-10-02,12118,12118,12017,12017,2,-0.017496525222794546
2019-10-04,11968,11987,11968,11989,2,-0.002330032454023412
2019-10-07,11958,11982,11958,11984,2,-0.00041704896154803883
2019-10-08,12031,12133,12031,12134,2,0.012516688918558172
2019-10-10,11978,12104,11978,12105,962,-0.002389978572605922
2019-10-11,12104,12167,12104,12168,2,0.005204460966542701
2019-10-14,12259,12274,12259,12275,2,0.008793556870480002
2019-10-15,12264,12264,12264,12265,2,-0.0008146639511201759
2019-10-16,12351,12351,12346,12348,35,0.006767223807582656
2019-10-17,12356,12356,12298,12299,2,-0.003968253968253954
2019-10-18,12298,12298,12201,12207,22,-0.007480282949833272
2019-10-21,12240,12269,12240,12270,2,0.005160973212091413
2019-10-22,12337,12444,12337,12435,32,0.01344743276283622
2019-10-23,12414,12424,12414,12425,2,-0.0008041817450743505
2019-10-24,12419,12453,12419,12454,2,0.0023340040241448534
2019-10-25,12424,12424,12424,12425,1,-0.002328569134414593
2019-10-28,12482,12517,12458,12459,27,0.0027364185110663186
2019-10-29,12477,12477,12463,12464,2,0.00040131631752138297
2019-10-30,12414,12414,12376,12377,2,-0.006980102695763768
2019-10-31,12419,12517,12405,12406,181,0.0023430556677708214
2019-11-01,12410,12487,12410,12488,2,0.006609704981460629
2019-11-04,12580,12671,12580,12673,380,0.014814221652786674
2019-11-05,12671,12759,12671,12760,302,0.006864988558352492
2019-11-06,12832,12832,12725,12784,26,0.0018808777429466517
2019-11-07,12725,12769,12681,12746,21,-0.0029724655819775014
2019-11-08,12764,12764,12696,12697,2,-0.0038443433233955604
2019-11-11,12671,12676,12560,12615,14,-0.0064582184768054995
2019-11-12,12623,12701,12623,12702,4,0.006896551724137945
2019-11-13,12613,12613,12613,12615,1,-0.006849315068493178
2019-11-14,12623,12676,12623,12678,3,0.004994054696789485
2019-11-15,12721,12852,12721,12852,2,0.013724562233790927
2019-11-18,12861,12861,12793,12852,10,0.0
2019-11-19,12749,12798,12749,12799,3,-0.004123871770930543
2019-11-20,12749,12749,12653,12653,2,-0.011407141182904867
2019-11-21,12570,12570,12570,12571,1,-0.0064806765194025395
2019-11-22,12449,12477,12449,12479,2,-0.007318431310158302
2019-11-25,12589,12628,12589,12629,2,0.012020193925795342
2019-11-26,12638,12662,12638,12663,2,0.002692216327500274
2019-11-27,12676,12676,12657,12658,2,-0.0003948511411198119
2019-11-28,12628,12628,12541,12590,5,-0.005372096697740525
2019-11-29,12545,12545,12381,12381,13,-0.016600476568705336
2019-12-02,12444,12444,12405,12406,11,0.0020192230029885128
2019-12-03,12269,12356,12269,12352,3,-0.00435273254876678
2019-12-04,12279,12279,12240,12250,3,-0.008257772020725418
2019-12-05,12288,12288,12220,12221,3,-0.002367346938775494
2019-12-06,12332,12332,12332,12333,1,0.009164552818918148
2019-12-09,12351,12419,12351,12420,2,0.007054244709316482
2019-12-10,12400,12473,12400,12474,2,0.004347826086956497
2019-12-11,12492,12502,12492,12503,2,0.0023248356581691
2019-12-12,12613,12725,12613,12726,2,0.017835719427337526
2019-12-13,12837,12915,12837,12915,12,0.014851485148514865
2019-12-16,12943,12943,12925,12925,2,0.0007742934572203541
2019-12-17,12929,13104,12929,13104,5439,0.01384912959381035
2019-12-18,13099,13099,13099,13099,2,-0.0003815628815628802
2019-12-19,13104,13104,13104,13104,2,0.00038170852736851835
2019-12-20,13124,13167,13124,13167,2,0.004807692307692291
2019-12-23,13132,13147,13132,13149,2,-0.0013670539986329056
2019-12-24,13132,13132,13060,13061,2,-0.006692524146322931
2019-12-26,13079,13109,13079,13109,2,0.003675063165148096
2019-12-27,13245,13331,13245,13333,2,0.017087497139369967
2019-12-30,13381,13381,13331,13333,2,0.0
2020-01-02,13240,13240,13220,13222,2,-0.00832520813020321
2020-01-03,13346,13346,13182,13182,2,-0.0030252609287551024
2020-01-06,13094,13094,13026,13051,6,-0.009937793961462549
2020-01-07,13142,13200,13142,13202,2,0.011569994636426273
2020-01-08,13036,13094,13036,13095,2,-0.008104832601121048
2020-01-09,13200,13293,13200,13294,4,0.015196639938908074
2020-01-10,13371,13439,13371,13439,5,0.010907176169700605
2020-01-13,13467,13584,13467,13585,4,0.010863903564253263
2020-01-14,13676,13676,13638,13638,2,0.003901361796098568
2020-01-15,13580,13580,13565,13566,2,-0.005279366476022895
2020-01-16,13560,13696,13560,13697,2,0.009656494176617958
2020-01-17,13739,13739,13735,13736,2,0.0028473388333212224
2020-01-20,13754,13832,13754,13823,3,0.006333721607454823
2020-01-21,13754,13754,13628,13658,165,-0.011936627360196739
2020-01-22,13662,13812,13662,13813,7,0.011348660125933607
2020-01-23,13735,13735,13681,13682,2,-0.009483819590241027
2020-01-28,13250,13255,13250,13255,2,-0.031208887589533663
2020-01-29,13278,13322,13278,13323,3,0.005130139569973657
2020-01-30,13245,13245,13060,13061,3,-0.01966524056143515
2020-01-31,13109,13109,12900,12920,289,-0.010795498047622698
2020-02-03,12739,12885,12739,12887,2,-0.0025541795665634526
2020-02-04,13056,13152,13056,13154,4,0.020718553581128285
2020-02-05,13187,13215,13187,13217,3,0.004789417667629525
2020-02-06,13313,13580,13313,13580,3,0.02746462888703949
2020-02-07,13507,13507,13439,13439,2,-0.010382916053019109
2020-02-10,13322,13390,13322,13391,2,-0.0035716943224942677
2020-02-11,13467,13545,13467,13547,11,0.011649615413337422
2020-02-12,13531,13662,13531,13648,10,0.00745552520853332
2020-02-13,13696,13696,13618,13619,10,-0.002124853458382203
2020-02-14,13580,13711,13580,13711,2,0.006755268375064238
2020-02-17,13662,13701,13662,13702,2,-0.0006564072642404328
2020-02-18,13594,13594,13472,13474,2,-0.016639906582980535
2020-02-19,13507,13507,13482,13484,2,0.0007421701053882401
2020-02-20,13376,13444,13376,13444,2,-0.0029664787896767075
2020-02-21,13318,13318,13220,13222,2,-0.016512942576614065
2020-02-24,12925,12925,12721,12721,57,-0.03789139313265766
2020-02-25,12676,12870,12676,12872,40,0.011870135995597941
2020-02-26,12676,12744,12676,12746,2,-0.009788688626476083
2020-02-27,12613,12613,12517,12517,2,-0.01796642083790989
2020-02-28,12410,12410,12152,12153,2,-0.029080450587201434
2020-03-02,12085,12283,12085,12284,2,0.010779231465481764
2020-03-03,12507,12507,12332,12333,3,0.003988928687723936
2020-03-04,12444,12643,12444,12643,3,0.025135814481472396
2020-03-05,12681,12749,12681,12751,3,0.008542276358459278
2020-03-06,12599,12599,12444,12498,40,-0.019841581052466473
2020-03-09,12162,12162,11973,11974,2,-0.04192670827332379
2020-03-10,11900,12060,11900,12061,2,0.007265742441957546
2020-03-11,11944,11944,11692,11692,2,-0.030594478069811748
2020-03-12,11511,11511,11172,11173,2,-0.04438932603489565
2020-03-13,10614,10924,10405,10926,3,-0.02210686476326862
2020-03-16,10900,10900,10657,10658,9,-0.02452864726340842
2020-03-17,10400,10400,10371,10372,8,-0.026834302871082794
2020-03-18,10313,10454,9940,9940,30023,-0.041650597763208674
2020-03-19,9721,9745,9643,9644,50000,-0.0297786720321932
2020-03-20,9497,9749,9497,9712,3,0.007051016175860569
2020-03-23,9202,9279,9197,9207,4,-0.051997528830313056
2020-03-24,9570,10075,9570,10076,4,0.09438470728793313
2020-03-25,10328,10560,10328,10561,25,0.04813418023025018
2020-03-26,10706,10706,10522,10523,14,-0.003598144115140589
2020-03-27,10643,10643,10551,10552,2,0.0027558680984509643
2020-03-30,10444,10725,10444,10697,7,0.01374147081122068
2020-03-31,10818,10837,10818,10838,2,0.01318126577545109
2020-04-01,10900,10959,10459,10459,6,-0.03496955157778192
2020-04-02,10444,10706,10366,10707,5,0.023711635911654927
2020-04-03,10706,10755,10696,10702,105,-0.0004669842159334969
2020-04-06,10876,11095,10876,11057,3,0.033171369837413645
2020-04-07,11055,11289,11055,11289,4,0.020982183232341578
2020-04-08,11138,11235,11138,11153,3,-0.01204712552041809
2020-04-09,11221,11259,11221,11261,2,0.009683493230520979
2020-04-10,11375,11420,11235,11415,5,0.01367551727200067
2020-04-13,11221,11221,11167,11168,79,-0.02163819535698641
2020-04-14,11294,11342,11294,11342,2,0.015580229226360931
2020-04-16,11303,11357,11303,11357,2,0.0013225180744136367
2020-04-17,11735,11827,11710,11712,5,0.031258254820815345
2020-04-20,11677,11710,11589,11591,3,-0.010331284153005438
2020-04-21,11604,11604,11511,11513,2,-0.006729358985419709
2020-04-22,11307,11570,11307,11571,2,0.005037783375314797
2020-04-23,11624,11662,11624,11664,2,0.008037334716100686
2020-04-24,11614,11647,11551,11551,3,-0.00968792866941015
2020-04-27,11599,11697,11599,11697,4,0.01263959830317729
2020-04-28,11702,11756,11702,11751,4,0.004616568350859218
2020-04-29,11899,11899,11835,11835,2,0.0071483278018891205
2020-05-04,11647,11647,11573,11574,2,-0.02205323193916353
2020-05-06,11573,11682,11573,11682,3,0.009331259720062102
2020-05-07,11697,11771,11692,11692,12,0.000856017805170417
2020-05-08,11835,11835,11805,11806,2,0.009750256585699724
2020-05-11,11825,11825,11726,11727,2,-0.006691512790106713
2020-05-12,11751,11766,11726,11766,3,0.0033256587362495704
2020-05-13,11672,11785,11672,11786,3,0.0016998130205676532
2020-05-14,11672,11672,11628,11628,2,-0.013405735618530423
2020-05-15,11707,11711,11707,11712,2,0.007223942208462342
2020-05-18,11761,11790,11741,11741,222,0.0024760928961748974
2020-05-19,11953,12012,11953,12012,2,0.023081509241120957
2020-05-20,12027,12115,12027,12067,4,0.0045787545787545625
2020-05-21,12145,12194,12135,12150,4,0.006878263031407927
2020-05-22,12002,12002,11913,11914,2,-0.01942386831275722
2020-05-25,11973,12135,11973,12136,2,0.01863354037267073
2020-05-26,12224,12317,12224,12318,5,0.01499670402109432
2020-05-27,12224,12411,12224,12343,162,0.0020295502516642916
2020-05-28,12441,12490,12313,12313,4,-0.0024305274244511565
2020-05-29,12239,12362,12239,12362,2,0.003979533826037551
2020-06-01,12519,12584,12505,12584,5,0.01795825918136229
2020-06-02,12677,12751,12677,12752,18,0.013350286077558726
2020-06-03,13081,13160,13066,13161,9,0.032073400250941075
2020-06-04,13318,13337,13185,13185,19,0.0018235696375654697
2020-06-05,13086,13377,13086,13377,8,0.014562002275312791
2020-06-08,13362,13377,13308,13377,3,0.0
2020-06-09,13303,13372,13303,13372,3,-0.00037377588398002093
2020-06-10,13421,13456,13421,13456,2,0.006281782829793636
2020-06-11,13441,13441,13160,13161,2,-0.021923305588585018
2020-06-12,12914,12997,12914,12998,8,-0.01238507712179926
2020-06-15,12845,12879,12431,12431,5,-0.043622095707031905
2020-06-16,12830,12988,12830,12988,2,0.04480733649746593
2020-06-17,12938,13002,12938,13003,2,0.0011549122266707457
2020-06-18,13007,13007,12988,12988,2,-0.0011535799430900662
2020-06-19,12919,13037,12919,13037,2,0.0037727132737912505
2020-06-22,12988,13061,12988,13057,5,0.0015340952673161823
2020-06-23,12943,13091,12943,13087,23,0.00229761813586582
2020-06-24,13298,13298,13254,13269,3,0.013906930541758955
2020-06-25,12997,12997,12983,12988,3,-0.021177179892983622
2020-06-26,13032,13037,13032,13037,2,0.0037727132737912505
2020-06-29,12988,12988,12850,12850,2,-0.014343790749405505
2020-06-30,13037,13037,12997,13003,4,0.011906614785992309
2020-07-01,13027,13027,12924,12924,3,-0.006075521033607645
2020-07-02,13017,13086,13017,13087,2,0.012612194367068952
2020-07-03,13126,13175,13126,13175,2,0.006724230152059363
2020-07-06,13254,13372,13254,13372,3,0.014952561669829167
2020-07-07,13332,13332,13239,13239,2,-0.009946156147173202
2020-07-08,13234,13234,13195,13195,2,-0.0033235138605635095
2020-07-09,13268,13332,13268,13333,2,0.01045850701023121
2020-07-10,13155,13165,13155,13165,2,-0.012600315007875174
2020-07-13,13332,13392,13332,13392,2,0.017242688947967988
2020-07-14,13372,13392,13328,13343,4,-0.0036589008363201447
2020-07-15,13500,13549,13490,13491,4,0.011091958330210705
2020-07-16,13461,13461,13362,13363,2,-0.009487806685938738
2020-07-17,13426,13539,13426,13540,2,0.013245528698645481
2020-07-20,13441,13510,13441,13510,3,-0.0022156573116691725
2020-07-21,13692,13692,13687,13693,7,0.013545521835677254
2020-07-22,13682,13682,13618,13619,2,-0.005404221134886478
2020-07-23,13613,13613,13613,13614,1,-0.00036713415081868206
2020-07-24,13534,13534,13480,13481,2,-0.00976935507565746
2020-07-27,13677,13697,13623,13624,3,0.01060752169720347
2020-07-28,13889,13919,13889,13919,3,0.021652965355255516
2020-07-29,13968,13968,13904,13905,2,-0.0010058193835763563
2020-07-30,13943,13943,13943,13944,1,0.002804746494066812
2020-07-31,13953,13963,13899,13900,15,-0.0031554790590935244
2020-08-03,13909,13909,13835,13855,5,-0.003237410071942448
2020-08-04,14076,14076,13988,13988,17,0.00959942259112223
2020-08-05,14239,14244,14175,14245,3,0.01837289104947093
2020-08-06,14338,14436,14338,14437,2,0.013478413478413387
2020-08-07,14515,14515,14451,14451,2,0.0009697305534390743
2020-08-10,14707,14707,14633,14708,4,0.017784236385025354
2020-08-11,14825,14894,14791,14895,3673,0.012714169159641076
2020-08-12,14796,14830,14796,14806,9,-0.005975159449479683
2020-08-13,14820,14820,14820,14821,1,0.001013102796163734
2020-08-14,14825,14825,14687,14688,10,-0.008973753457931277
2020-08-18,14569,14569,14357,14358,2,-0.02246732026143794
2020-08-19,14579,14579,14530,14530,2,0.011979384315364161
2020-08-20,14362,14362,13983,13983,4,-0.03764624913971093
2020-08-21,14205,14219,14062,14141,5,0.011299435028248483
2020-08-24,14145,14278,14145,14279,22,0.009758857223675754
2020-08-25,14431,14500,14426,14501,3,0.01554730723440012
2020-08-26,14456,14549,14456,14550,2,0.0033790773050135225
2020-08-27,14510,14510,14412,14412,3,-0.009484536082474238
2020-08-28,14594,14594,14441,14442,2,0.002081598667776907
2020-08-31,14490,14490,14352,14353,2,-0.0061625813599224255
2020-09-01,14343,14402,14343,14402,2,0.0034139204347523044
2020-09-02,14505,14520,14505,14520,2,0.008193306485210439
2020-09-03,14668,14732,14668,14732,6,0.014600550964187331
2020-09-04,14481,14530,14481,14530,3,-0.013711648112951447
2020-09-07,14628,14628,14545,14545,2,0.0010323468685478066
2020-09-08,14747,14747,14747,14747,2,0.013887933997937418
2020-09-09,14653,14653,14618,14619,2,-0.008679731470807583
2020-09-10,14707,14717,14707,14718,2,0.006772009029345272
2020-09-11,14722,14722,14722,14722,1,0.00027177605652939363
2020-09-14,14830,14899,14830,14900,201,0.012090748539600682
2020-09-15,14939,15047,14939,15048,152,0.009932885906040356
2020-09-16,14973,15067,14973,14993,7,-0.003654970760233911
2020-09-17,14860,14860,14806,14806,2,-0.01247248716067495
2020-09-18,14865,14865,14865,14865,1,0.003984870998243961
2020-09-21,14929,14929,14658,14658,3,-0.013925327951564093
2020-09-22,14476,14476,14476,14476,1,-0.012416427889207271
2020-09-23,14461,14461,14461,14461,1,-0.0010361978447084308
2020-09-24,14239,14239,14076,14077,2,-0.026554180208837597
2020-09-25,14106,14106,14081,14082,2,0.0003551893159052799
2020-09-28,14219,14293,14219,14294,2,0.01505467973299246
2020-09-29,14407,14421,14372,14422,4,0.008954806212396749
2020-10-05,14604,14604,14604,14604,1,0.012619608930800164
2020-10-06,14609,14609,14609,14609,1,0.00034237195288966404
2020-10-07,14722,14722,14722,14722,1,0.007734957902662654
2020-10-08,14752,14756,14752,14757,2,0.002377394375764119
2020-10-12,14791,14791,14756,14757,2,0.0
2020-10-13,14781,14825,14781,14826,2,0.004675747103069838
2020-10-14,14663,14678,14663,14678,69,-0.009982463240253647
2020-10-15,14609,14609,14559,14560,36969,-0.008039242403597213
2020-10-16,14505,14505,14461,14461,2,-0.006799450549450525
2020-10-19,14554,14554,14421,14461,5,0.0
2020-10-20,14461,14461,14461,14461,4,0.0
2020-10-21,14599,14599,14599,14599,1,0.009542908512550907
2020-10-22,14500,14500,14500,14501,0,-0.006712788547160731
2020-10-23,14579,14579,14446,14447,33502,-0.0037238811116474535
2020-10-26,14466,14466,14466,14466,1,0.001315151934657699
2020-10-27,14377,14377,14377,14378,0,-0.006083229641918986
2020-10-28,14466,14466,14466,14466,1,0.006120461816664369
2020-10-29,14244,14372,14244,14373,2,-0.006428867689755258
2020-10-30,14205,14205,13943,13944,4,-0.0298476309747443
2020-11-02,14116,14116,14091,14092,2,0.010613884107860017
2020-11-03,14392,14426,14392,14427,2,0.023772353108146405
2020-11-04,14554,14554,14554,14555,1,0.008872253413738207
2020-11-05,14747,14747,14747,14747,1,0.01319134318103754
2020-11-06,14904,14904,14850,14851,2,0.007052281820031148
2020-11-09,15126,15126,15126,15126,1,0.01851727156420435
2020-11-10,14968,14968,14968,14969,1,-0.010379479042707973
2020-11-11,15131,15190,15131,15191,2,0.014830650010020818
2020-11-12,15254,15254,15205,15230,102,0.0025673095912053245
2020-11-13,15131,15249,15131,15250,252,0.0013131976362441566
2020-11-16,15668,15668,15550,15664,8,0.02714754098360661
2020-11-17,15638,15653,15604,15619,5,-0.002872829417773226
2020-11-18,15638,15638,15638,15639,1,0.0012804917088162782
2020-11-19,15481,15619,15481,15619,5,-0.0012788541466846048
2020-11-20,15693,15693,15693,15693,1,0.004737819322619963
2020-11-23,15791,16018,15791,15959,305,0.016950232587777947
2020-11-24,15993,16151,15993,16082,309,0.007707249827683338
2020-11-25,16166,16166,15919,16008,172,-0.004601417734112712
2020-11-26,16013,16195,16013,16196,171,0.011744127936031967
2020-11-27,16151,16210,16151,16210,3,0.0008644109656705812
2020-11-30,16171,16171,16052,16068,9,-0.0087600246761258
2020-12-01,16166,16244,16097,16245,55,0.011015683345780403
2020-12-02,16491,16545,16402,16546,15,0.018528778085564745
2020-12-03,16624,16639,16584,16639,15,0.005620693823280565
2020-12-04,16875,17003,16841,16959,18,0.019231924995492422
2020-12-07,17053,17126,16979,17127,10,0.009906244471961756
2020-12-08,17082,17082,16841,16841,5,-0.01669877970456002
2020-12-09,17048,17048,17048,17048,1,0.0122914316252003
2020-12-10,17057,17107,17023,17033,280,-0.0008798686062880812
2020-12-11,17190,17245,17181,17221,9,0.011037397992132991
2020-12-14,17225,17304,17195,17196,3,-0.0014517159282271264
2020-12-15,17151,17156,17121,17156,3,-0.0023261223540358422
2020-12-16,17195,17240,17195,17240,2,0.004896246211238076
2020-12-17,17166,17166,17048,17048,4,-0.011136890951276124
2020-12-18,17235,17235,17220,17221,7,0.010147817925856506
2020-12-21,17082,17225,17057,17225,8,0.00023227454851637575
2020-12-22,17161,17161,17013,17014,4,-0.012249637155297588
2020-12-23,17062,17102,16959,17102,4,0.0051722111202539
2020-12-24,17319,17501,17274,17501,32,0.023330604607648242
2020-12-28,17619,17624,17476,17482,56,-0.0010856522484429254
2020-12-29,17777,17861,17698,17836,18,0.0202493993822217
2020-12-30,17856,18240,17856,18231,72,0.022146221125812993
2021-01-04,18432,18575,18432,18576,4,0.018923811090998832
2021-01-05,18595,18861,18595,18861,10,0.015342377260981976
2021-01-06,18974,19009,18649,18649,9,-0.011240125125921208
2021-01-07,18885,19176,18885,19113,3015,0.02488069065365428
2021-01-08,19403,19851,19403,19852,14,0.038664783131899805
2021-01-11,20211,20723,19841,20059,19,0.010427160991335782
2021-01-12,19698,19935,19398,19832,24,-0.011316615982850609
2021-01-13,19895,19920,19895,19921,10,0.00448769665187565
2021-01-14,19876,19974,19876,19960,10,0.001957733045529819
2021-01-15,20088,20088,19526,19526,18,-0.0217434869739479
2021-01-18,19304,19304,19142,19142,17,-0.01966608624398236
2021-01-19,19432,19491,19432,19492,2,0.01828440079406546
2021-01-20,19733,19733,19531,19655,23,0.008362405089267444
2021-01-21,19822,19822,19822,19822,1,0.008496565759348762
2021-01-22,20063,20063,19871,19871,13,0.002472000807183905
2021-01-25,19866,20191,19866,20192,11,0.016154194554878876
2021-01-26,20033,20033,19767,19876,72,-0.015649762282091917
2021-01-27,19693,19718,19684,19684,4,-0.00965989132622258
2021-01-28,19186,19418,19161,19251,7,-0.021997561471245652
2021-01-29,19324,19324,18644,18758,3010,-0.025609059269648293
2021-02-01,18999,19186,18999,19186,6,0.022816931442584565
2021-02-02,19477,19822,19403,19497,25,0.016209736266027397
2021-02-03,19782,19782,19610,19689,23,0.009847668872134285
2021-02-04,19511,19511,19398,19403,41,-0.014525877393468445
2021-02-05,19659,19659,19496,19581,53,0.009173839097046832
2021-02-08,19531,19531,19516,19517,61,-0.0032684745416474703
2021-02-09,19580,19580,19418,19418,2,-0.005072500896654231
2021-02-10,19437,19437,19437,19438,1,0.0010299721907509607
2021-02-15,19812,19851,19812,19852,2,0.02129848749871388
2021-02-16,19836,19836,19836,19837,1,-0.0007555913761837507
2021-02-17,19634,19634,19629,19630,2,-0.010435045621817851
2021-02-18,19629,19629,19432,19433,13,-0.010035659704533906
2021-02-19,19230,19447,19230,19448,3,0.0007718828796376975
2021-02-22,19684,19684,19289,19290,4,-0.008124228712463988
2021-02-23,19048,19368,18999,19201,5,-0.004613789528252976
2021-02-24,19324,19324,18826,18827,4,-0.019478152179573938
2021-02-25,19117,19368,19117,19369,3,0.028788442130982084
2021-02-26,18920,18920,18851,18851,7,-0.026743765811348075
2021-03-02,19467,19467,19033,19211,4,0.019097130125722783
2021-03-03,19363,19363,19363,19364,1,0.007964187184425597
2021-03-04,19171,19171,19171,19172,1,-0.009915306754802677
2021-03-05,18920,19122,18920,19122,2,-0.0026079699561860625
2021-03-08,18925,18925,18925,18925,1,-0.010302269637067263
2021-03-09,18743,18743,18511,18713,4,-0.011202113606340824
2021-03-10,18949,18949,18772,18773,2,0.0032063271522471126
2021-03-11,18989,18989,18989,18989,1,0.011505886113034602
2021-03-12,19255,19255,19255,19255,1,0.014008109958397075
2021-03-15,19161,19161,19161,19162,1,-0.004829914307971972
2021-03-16,19319,19319,19319,19320,1,0.008245485857426127
2021-03-17,19147,19147,19147,19147,1,-0.008954451345755676
2021-03-18,19393,19393,19393,19393,1,0.012847965738758127
2021-03-19,19063,19063,19063,19063,1,-0.017016449234259823
2021-03-22,19181,19181,19063,19127,5,0.0033572889891413382
2021-03-23,18989,18989,18935,18935,51,-0.010038165943430766
2021-03-24,18747,18747,18747,18748,1,-0.009875891206760024
2021-03-25,18959,18959,18959,18960,1,0.011307872839769528
2021-03-26,19078,19078,19078,19078,1,0.0062236286919832295
2021-03-29,19063,19063,19063,19063,1,-0.0007862459377293574
2021-03-30,19270,19270,19270,19270,1,0.010858731574253877
2021-03-31,19289,19289,19265,19265,2,-0.0002594706798131341
2021-04-01,19378,19413,19378,19413,6,0.0076823254606799285
2021-04-02,19477,19595,19477,19595,14,0.009375160974604668
2021-04-05,19629,19629,19629,19630,3,0.0017861699413115328
2021-04-06,19669,19669,19669,19669,1,0.001986754966887494
2021-04-07,19703,19703,19703,19704,1,0.0017794498957750537
2021-04-08,19644,19644,19644,19645,1,-0.0029943158749492493
2021-04-09,19634,19634,19610,19630,13,-0.0007635530669382051
2021-04-12,19629,19629,19629,19630,1,0.0
2021-04-13,19684,19900,19684,19901,2,0.013805399898115134
2021-04-14,19969,19969,19969,19970,1,0.0034671624541480206
2021-04-15,20038,20038,20038,20039,1,0.0034551827741613472
2021-04-16,20038,20038,20038,20039,1,0.0
2021-04-19,20038,20038,20033,20034,2,-0.0002495134487748851
2021-04-20,19989,20102,19989,20103,6,0.0034441449535789204
2021-04-21,19925,19925,19762,19763,2,-0.01691289857235234
2021-04-22,19812,19812,19812,19812,1,0.0024793806608307545
2021-04-23,19620,19718,19620,19719,2,-0.004694124772864905
2021-04-26,19920,19945,19920,19945,2,0.011461027435468285
2021-04-27,19945,19994,19935,19995,110,0.0025068939583856586
2021-04-28,19797,19797,19625,19625,36,-0.01850462615653914
2021-04-29,19855,19855,19670,19670,2,0.0022929936305733367
2021-04-30,19425,19425,19420,19420,2,-0.012709710218607007
2021-05-03,19370,19370,19370,19370,1,-0.002574665293511802
2021-05-04,19395,19395,19395,19395,1,0.0012906556530718483
2021-05-06,19565,19565,19565,19565,1,0.008765145656096873
2021-05-07,19665,19680,19665,19680,52,0.00587784308714534
2021-05-10,20045,20045,20045,20045,1,0.018546747967479682
2021-05-11,19820,19820,19710,19710,10001,-0.0167123971065104
2021-05-12,19435,19435,19435,19435,1,-0.013952308472856445
2021-05-13,19155,19155,19015,19105,3,-0.01697967584255211
2021-05-14,19260,19260,19260,19260,1,0.008113059408531909
2021-05-17,19270,19270,19270,19270,1,0.0005192107995846129
2021-05-18,19415,19415,19395,19395,2355,0.006486766995329463
2021-05-20,19395,19395,19395,19395,0,0.0
2021-05-21,19395,19395,19395,19395,0,0.0
2021-05-24,19315,19315,19315,19315,1,-0.004124774426398581
2021-05-25,19420,19420,19420,19420,0,0.0054361894900336605
2021-05-26,19420,19420,19420,19420,0,0.0
2021-05-27,19420,19420,19420,19420,0,0.0
2021-05-28,19495,19495,19495,19495,0,0.0038619979402678695
2021-05-31,19535,19535,19535,19535,1,0.002051808155937529
2021-06-01,19660,19660,19660,19660,0,0.0063987714358844094
2021-06-02,19730,19730,19730,19730,1,0.003560528992878842
2021-06-03,19880,19880,19880,19880,1,0.007602635580334471
2021-06-04,19785,19845,19785,19845,51,-0.0017605633802817433
2021-06-07,19840,19905,19770,19770,10046,-0.0037792894935751997
2021-06-08,19805,19835,19805,19835,3,0.0032878098128477085
2021-06-09,19685,19685,19685,19685,0,-0.0075623897151499975
2021-06-10,19685,19685,19685,19685,1,0.0
2021-06-11,19685,19685,19685,19685,20,0.0
2021-06-14,19760,19760,19760,19760,0,0.0038100076200151545
2021-06-15,19760,19760,19760,19760,1,0.0
2021-06-16,20055,20055,20055,20055,1,0.014929149797570762
2021-06-17,19970,19970,19970,19970,1,-0.004238344552480733
2021-06-18,20000,20040,20000,20040,4,0.0035052578868302042
2021-06-21,19710,19850,19710,19850,5,-0.00948103792415167
2021-06-22,19925,19955,19925,19955,2,0.005289672544080526
2021-06-23,20025,20025,20025,20025,1,0.0035078927587071096
2021-06-24,20110,20110,20050,20050,16,0.0012484394506866447
2021-06-25,20200,20200,20200,20200,4,0.007481296758104827
2021-06-28,20200,20200,20200,20200,0,0.0
2021-06-29,20170,20170,20170,20170,1,-0.0014851485148514865
2021-06-30,20175,20200,20175,20180,96,0.0004957858205254517
2021-07-01,20175,20175,20175,20175,0,-0.00024777006937559687
2021-07-02,20165,20165,20165,20165,1,-0.0004956629491945641
2021-07-05,20165,20165,20165,20165,0,0.0
2021-07-06,20230,20320,20005,20320,10024,0.0076865856682371
2021-07-07,20245,20245,20205,20205,10,-0.005659448818897683
2021-07-08,20200,20200,20040,20040,22,-0.008166295471418006
2021-07-09,19815,19815,19630,19685,5,-0.01771457085828343
2021-07-12,19930,19930,19930,19930,10,0.012446024892049712
2021-07-13,19960,19960,19960,19960,0,0.0015052684395384652
2021-07-14,19960,19960,19960,19960,0,0.0
2021-07-15,19995,20020,19995,20020,201,0.0030060120240480437
2021-07-16,19935,19935,19925,19925,2000,-0.004745254745254779
2021-07-19,19910,19910,19910,19910,4,-0.0007528230865746499
2021-07-20,19870,19870,19870,19870,0,-0.002009040683073837
2021-07-21,19760,19760,19760,19760,0,-0.005535983895319618
2021-07-22,19960,19960,19960,19960,1,0.010121457489878471
2021-07-23,19960,19960,19960,19960,0,0.0
2021-07-26,19785,19785,19785,19785,0,-0.008767535070140275
2021-07-27,19830,19830,19830,19830,1,0.0022744503411675776
2021-07-28,19820,19820,19820,19820,1,-0.0005042864346949116
2021-07-29,19820,19820,19820,19820,2,0.0
2021-07-30,19655,19655,19655,19655,1,-0.008324924318869775
2021-08-02,19655,19655,19655,19655,0,0.0
2021-08-03,19655,19655,19655,19655,0,0.0
2021-08-04,20000,20045,19850,19990,6284,0.017044009157975104
2021-08-05,19990,20155,19910,20105,7055,0.00575287643821909
2021-08-06,19845,20030,19830,20030,10005,-0.0037304153195723
2021-08-09,19975,19975,19975,19975,1,-0.002745881178232601
2021-08-10,19910,19910,19910,19910,5,-0.0032540675844805467
2021-08-11,19680,19680,19680,19680,1,-0.011551983927674536
2021-08-12,19230,19660,19230,19490,34,-0.009654471544715437
2021-08-13,19310,19310,19310,19310,1,-0.009235505387378162
2021-08-17,19285,19285,19020,19020,12,-0.015018125323666531
2021-08-18,19220,19220,19220,19220,1,0.01051524710830698
2021-08-19,19080,19080,18790,18790,4,-0.02237252861602501
2021-08-20,18605,18605,18600,18600,2,-0.010111761575306022
2021-08-23,18575,18800,18575,18800,16,0.010752688172043001
2021-08-24,19120,19120,19120,19120,1,0.017021276595744705
2021-08-25,19120,19120,19120,19120,0,0.0
2021-08-26,19075,19075,19075,19075,1,-0.0023535564853556235
2021-08-27,17175,18955,17175,18945,7,-0.0068152031454783435
2021-08-30,17060,19150,17060,19135,450,0.010029031406703526
2021-08-31,18510,19320,18510,19320,32,0.009668147373922187
2021-09-01,19500,19500,19500,19500,1,0.009316770186335477
2021-09-02,19500,19500,19500,19500,1,0.0
2021-09-03,19500,19500,19500,19500,0,0.0
2021-09-06,19500,19500,19500,19500,0,0.0
2021-09-07,19400,19400,19400,19400,1,-0.00512820512820511
2021-09-08,17470,19200,17470,19200,4,-0.010309278350515427
2021-09-09,19060,19060,18970,18970,2,-0.011979166666666652
2021-09-10,18970,18970,18970,18970,0,0.0
2021-09-13,18950,18950,18950,18950,1,-0.0010542962572482883
2021-09-14,19175,19175,19175,19175,1,0.01187335092348274
2021-09-15,19205,19205,19205,19205,1,0.0015645371577575062
2021-09-16,19160,19160,19160,19160,1,-0.0023431398073417986
2021-09-17,18990,18990,18990,18990,1,-0.008872651356993777
2021-09-23,19080,19085,19080,19085,2,0.005002632964718368
2021-09-24,19085,19085,19085,19085,0,0.0
2021-09-27,19085,19085,19085,19085,0,0.0
2021-09-28,18900,18900,18900,18900,1,-0.009693476552266156
2021-09-29,18625,18625,18545,18545,2,-0.01878306878306879
2021-09-30,18650,18725,18650,18725,2,0.009706120248045291
2021-10-01,18470,18470,18295,18295,6,-0.022963951935914606
2021-10-05,18140,18140,17905,18035,2003,-0.014211533205793936
2021-10-06,18175,18175,17720,17910,4,-0.006930967563071766
2021-10-07,17910,18055,17870,18030,153,0.00670016750418756
2021-10-08,18030,18030,18030,18030,0,0.0
2021-10-12,17760,17760,17760,17760,1,-0.014975041597337757
2021-10-13,17930,17930,17930,17930,2603,0.009572072072072002
2021-10-14,17890,17905,17890,17890,1265,-0.002230897936419396
2021-10-15,18185,18230,18180,18220,3779,0.01844605925097831
2021-10-18,18225,18230,18210,18225,5006,0.00027442371020858225
2021-10-19,18320,18345,18320,18345,1001,0.006584362139917754
2021-10-20,18495,18495,18495,18495,1,0.00817661488143906
2021-10-21,18340,18340,18340,18340,1,-0.008380643417139733
2021-10-22,18340,18340,18340,18340,0,0.0
2021-10-25,18380,18395,18380,18395,3094,0.002998909487459178
2021-10-26,18565,18565,18565,18565,1,0.009241641750475704
2021-10-27,18450,18450,18450,18450,0,-0.006194451925666589
2021-10-28,18400,18400,18400,18400,0,-0.0027100271002710175
2021-10-29,18110,18110,18110,18110,1,-0.015760869565217384
2021-11-01,18160,18160,18160,18160,1,0.002760905577029238
2021-11-02,18450,18450,18450,18450,1,0.0159691629955947
2021-11-03,18135,18135,18135,18135,1,-0.017073170731707332
2021-11-04,18215,18225,18215,18220,6000,0.004687069203198169
2021-11-05,18220,18220,18220,18220,0,0.0
2021-11-08,18000,18220,18000,18220,20,0.0
2021-11-09,18145,18235,18145,18235,2,0.0008232711306257467
2021-11-10,18205,18205,18075,18075,2,-0.008774335069920536
2021-11-11,18020,18020,18020,18020,1,-0.003042876901798053
2021-11-12,18200,18225,18200,18225,2,0.011376248612652518
2021-11-15,18460,18460,18460,18460,1,0.012894375857338769
2021-11-16,18460,18460,18460,18460,0,0.0
2021-11-17,18390,18390,18390,18390,1,-0.003791982665222071
2021-11-18,18180,18180,18180,18180,1,-0.011419249592169667
2021-11-19,18235,18335,18235,18335,2,0.008525852585258509
2021-11-22,18565,18640,18565,18640,2,0.016634851377147486
2021-11-23,18520,18520,18520,18520,1,-0.006437768240343367
2021-11-24,18545,18545,18460,18460,53,-0.003239740820734305
2021-11-25,18380,18385,18380,18380,51,-0.004333694474539573
2021-11-26,18105,18105,18105,18105,1,-0.014961915125136005
2021-11-29,17930,17930,17930,17930,2,-0.009665838166252438
2021-11-30,18025,18025,17500,17505,11,-0.023703290574456193
2021-12-01,17570,17955,17570,17955,4,0.02570694087403602
2021-12-02,18140,18140,18140,18140,1,0.010303536619326037
2021-12-03,18145,18370,18145,18370,6,0.012679162072767314
2021-12-06,18370,18370,18370,18370,0,0.0
2021-12-07,18370,18520,18370,18520,6,0.008165487207403288
2021-12-08,18685,18685,18685,18685,1,0.008909287257019338
2021-12-09,18685,18685,18615,18685,8,0.0
2021-12-10,18635,18635,18635,18635,0,-0.0026759432700026453
2021-12-13,18680,18680,18680,18680,13,0.0024148108398176493
2021-12-14,18360,18515,18360,18515,2,-0.008832976445396157
